osm_way_id,street,city_facility,osm_highway,osm_cycleway,miles,tier,tier_with_facility,rule
47999125,ANNAPOLIS RD,Separated Bike Lane,secondary,none,0.269,3,1,"mixed traffic, 25 mph, single lane, arterial floor"
422243516,ANNAPOLIS RD,Separated Bike Lane,secondary,none,0.068,3,1,"mixed traffic, 25 mph, single lane, arterial floor"
425107400,ANNAPOLIS RD,Separated Bike Lane,secondary,none,0.021,3,1,"mixed traffic, 25 mph, urban multilane, two-way floor"
425107401,ANNAPOLIS RD,Separated Bike Lane,secondary,none,0.006,3,1,"mixed traffic, 25 mph, single lane, arterial floor"
425107402,ANNAPOLIS RD,Separated Bike Lane,secondary,none,0.033,3,1,"mixed traffic, 25 mph, single lane, arterial floor"
425107403,ANNAPOLIS RD,Separated Bike Lane,secondary,none,0.023,3,1,"mixed traffic, 25 mph, single lane, arterial floor"
451772240,ANNAPOLIS RD,Separated Bike Lane,secondary,none,0.025,3,1,"mixed traffic, 25 mph, single lane, arterial floor"
451772241,ANNAPOLIS RD,Separated Bike Lane,secondary,none,0.107,3,1,"mixed traffic, 25 mph, urban multilane, two-way floor"
1426757465,ANNAPOLIS RD,Separated Bike Lane,secondary,none,0.027,3,1,"mixed traffic, 25 mph, urban multilane, two-way floor"
6007417,ARGONNE DR,Separated Bike Lane,secondary,lane,0.014,3,2,"mixed traffic, 25 mph, urban multilane, two-way floor"
51535573,ARGONNE DR,Separated Bike Lane,secondary,lane,0.052,3,1,"bike lane, narrow or multilane at 30 mph"
302003633,ARGONNE DR,Separated Bike Lane,secondary,lane,0.159,3,1,"bike lane, narrow or multilane at 30 mph"
605724255,ARGONNE DR,Separated Bike Lane,secondary,none,0.101,3,1,"mixed traffic, 30 mph, single lane"
947743442,ARGONNE DR,Separated Bike Lane,secondary,lane,0.002,3,2,"mixed traffic, 25 mph, urban multilane, two-way floor"
948676226,ARGONNE DR,Separated Bike Lane,secondary,lane,0.027,3,1,"bike lane, narrow or multilane at 30 mph"
975261715,ARGONNE DR,Separated Bike Lane,secondary,lane,0.017,3,2,"mixed traffic, 25 mph, urban multilane, two-way floor"
1086465087,ARGONNE DR,Separated Bike Lane,secondary,lane,0.017,3,1,"bike lane, narrow or multilane at 30 mph"
130536463,AUCHENTOROLY TERR,Bike Lane,secondary,none,0.021,3,3,"mixed traffic, 30 mph, urban multilane"
500547101,AUCHENTOROLY TERR,Bike Lane,secondary,none,0.009,3,3,"mixed traffic, 30 mph, urban multilane"
51535569,BELAIR ROAD,Shared Lane Markings,primary,none,0.501,3,,"mixed traffic, 30 mph, urban multilane"
424990143,BELAIR ROAD,Shared Lane Markings,primary,none,0.036,3,,"mixed traffic, 30 mph, urban multilane"
424991226,BELAIR ROAD,Shared Lane Markings,primary,none,0.038,3,,"mixed traffic, 30 mph, urban multilane"
947828476,BELAIR ROAD,Shared Lane Markings,primary,none,0.045,3,,"mixed traffic, 30 mph, urban multilane"
947828478,BELAIR ROAD,Shared Lane Markings,primary,none,0.071,3,,"mixed traffic, 30 mph, urban multilane"
1295671088,BELAIR ROAD,Shared Lane Markings,primary,none,0.011,3,,"mixed traffic, 30 mph, urban multilane"
1295671089,BELAIR ROAD,Shared Lane Markings,primary,none,0.007,3,,"mixed traffic, 30 mph, urban multilane"
1295671090,BELAIR ROAD,Shared Lane Markings,primary,none,0.013,3,,"mixed traffic, 30 mph, urban multilane"
6003340,BOSTON ST,Shared Lane Markings,primary,none,0.039,3,,"mixed traffic, 30 mph, urban multilane"
186672432,BOSTON ST,Shared Lane Markings,primary,none,0.210,3,,"mixed traffic, 30 mph, urban multilane"
192574246,BOSTON ST,Shared Lane Markings,primary,none,0.037,3,,"mixed traffic, 30 mph, urban multilane"
202365906,BOSTON ST,Bike Lane,primary,shared_lane,0.057,3,3,"mixed traffic, 30 mph, urban multilane"
202409871,BOSTON ST,Shared Lane Markings,primary,none,0.069,3,,"mixed traffic, 30 mph, urban multilane"
312657347,BOSTON ST,Bike Lane,secondary,shared_lane,0.100,4,3,"mixed traffic, 35 mph or above"
326116166,BOSTON ST,Shared Lane Markings,primary,none,0.068,3,,"mixed traffic, 30 mph, urban multilane"
326116167,BOSTON ST,Shared Lane Markings,primary,none,0.029,3,,"mixed traffic, 30 mph, urban multilane"
340215544,BOSTON ST,Shared Lane Markings,primary,none,0.116,3,,"mixed traffic, 30 mph, urban multilane"
340215547,BOSTON ST,Shared Lane Markings,primary,none,0.051,3,,"mixed traffic, 30 mph, urban multilane"
423872336,BOSTON ST,Shared Lane Markings,primary,none,0.059,3,,"mixed traffic, 30 mph, urban multilane"
424990630,BOSTON ST,Shared Lane Markings,primary,none,0.037,3,,"mixed traffic, 30 mph, urban multilane"
425141210,BOSTON ST,Shared Lane Markings,primary,none,0.033,3,,"mixed traffic, 30 mph, urban multilane"
425141221,BOSTON ST,Shared Lane Markings,primary,none,0.031,3,,"mixed traffic, 30 mph, urban multilane"
425194377,BOSTON ST,Shared Lane Markings,primary,none,0.031,3,,"mixed traffic, 30 mph, urban multilane"
425194378,BOSTON ST,Shared Lane Markings,primary,none,0.046,3,,"mixed traffic, 30 mph, urban multilane"
450259176,BOSTON ST,Shared Lane Markings,primary,none,0.030,3,,"mixed traffic, 30 mph, urban multilane"
450298521,BOSTON ST,Shared Lane Markings,primary,none,0.005,3,,"mixed traffic, 30 mph, urban multilane"
450298524,BOSTON ST,Bike Lane,primary,none,0.008,3,3,"mixed traffic, 30 mph, urban multilane"
450298525,BOSTON ST,Shared Lane Markings,primary,none,0.005,3,,"mixed traffic, 30 mph, urban multilane"
450298526,BOSTON ST,Shared Lane Markings,primary,none,0.008,3,,"mixed traffic, 30 mph, urban multilane"
450298527,BOSTON ST,Shared Lane Markings,primary,none,0.018,3,,"mixed traffic, 30 mph, urban multilane"
450298530,BOSTON ST,Shared Lane Markings,primary,none,0.022,3,,"mixed traffic, 30 mph, urban multilane"
450298535,BOSTON ST,Shared Lane Markings,primary,none,0.029,3,,"mixed traffic, 30 mph, urban multilane"
450298538,BOSTON ST,Shared Lane Markings,primary,none,0.023,3,,"mixed traffic, 30 mph, urban multilane"
450298541,BOSTON ST,Shared Lane Markings,primary,none,0.036,3,,"mixed traffic, 30 mph, urban multilane"
450298542,BOSTON ST,Shared Lane Markings,primary,none,0.037,3,,"mixed traffic, 30 mph, urban multilane"
450298543,BOSTON ST,Shared Lane Markings,primary,none,0.019,3,,"mixed traffic, 30 mph, urban multilane"
450298544,BOSTON ST,Bike Lane,primary,shared_lane,0.025,3,3,"mixed traffic, 30 mph, urban multilane"
450298545,BOSTON ST,Shared Lane Markings,primary,none,0.014,3,,"mixed traffic, 30 mph, urban multilane"
450298546,BOSTON ST,Shared Lane Markings,primary,none,0.023,3,,"mixed traffic, 30 mph, urban multilane"
450298547,BOSTON ST,Shared Lane Markings,primary,none,0.036,3,,"mixed traffic, 30 mph, urban multilane"
453444652,BOSTON ST,Shared Lane Markings,primary,none,0.032,3,,"mixed traffic, 30 mph, urban multilane"
453444653,BOSTON ST,Shared Lane Markings,primary,none,0.054,3,,"mixed traffic, 30 mph, urban multilane"
453444654,BOSTON ST,Shared Lane Markings,primary,none,0.051,3,,"mixed traffic, 30 mph, urban multilane"
500861969,BOSTON ST,Shared Lane Markings,primary,none,0.034,3,,"mixed traffic, 30 mph, urban multilane"
500861970,BOSTON ST,Shared Lane Markings,primary,none,0.013,3,,"mixed traffic, 30 mph, urban multilane"
500861971,BOSTON ST,Shared Lane Markings,primary,none,0.033,3,,"mixed traffic, 30 mph, urban multilane"
500861972,BOSTON ST,Shared Lane Markings,primary,none,0.028,3,,"mixed traffic, 30 mph, urban multilane"
500861975,BOSTON ST,Shared Lane Markings,primary,none,0.050,3,,"mixed traffic, 30 mph, urban multilane"
500861976,BOSTON ST,Shared Lane Markings,primary,none,0.015,3,,"mixed traffic, 30 mph, urban multilane"
500861977,BOSTON ST,Shared Lane Markings,primary,none,0.027,3,,"mixed traffic, 30 mph, urban multilane"
500861978,BOSTON ST,Shared Lane Markings,primary,none,0.006,3,,"mixed traffic, 30 mph, urban multilane"
500861979,BOSTON ST,Shared Lane Markings,primary,none,0.023,3,,"mixed traffic, 30 mph, urban multilane"
500861980,BOSTON ST,Shared Lane Markings,primary,none,0.013,3,,"mixed traffic, 30 mph, urban multilane"
500861983,BOSTON ST,Shared Lane Markings,primary,none,0.032,3,,"mixed traffic, 30 mph, urban multilane"
500861987,BOSTON ST,Bike Lane,primary,shared_lane,0.006,3,3,"mixed traffic, 30 mph, urban multilane"
500861988,BOSTON ST,Bike Lane,primary,shared_lane,0.014,3,3,"mixed traffic, 30 mph, urban multilane"
548259167,BOSTON ST,Shared Lane Markings,primary,none,0.021,3,,"mixed traffic, 30 mph, urban multilane"
765153310,BOSTON ST,Shared Lane Markings,primary,none,0.014,3,,"mixed traffic, 30 mph, urban multilane"
943903755,BOSTON ST,Shared Lane Markings,primary,none,0.017,3,,"mixed traffic, 30 mph, urban multilane"
1021103075,BOSTON ST,Shared Lane Markings,primary,none,0.017,3,,"mixed traffic, 30 mph, urban multilane"
1021103077,BOSTON ST,Shared Lane Markings,primary,none,0.008,3,,"mixed traffic, 30 mph, urban multilane"
1087376007,BROENING HWY,Bike Lane,tertiary,none,0.005,2,2,"mixed traffic, 25 mph, single lane"
586050815,CAROLINE ST,Separated Bike Lane,tertiary,none,0.114,2,1,"mixed traffic, 25 mph, single lane"
6012618,CHERRY HILL ROAD,Bike Lane,tertiary,none,0.067,2,2,"mixed traffic, 25 mph, single lane"
6017866,CHERRYLAND ROAD,Shared Lane Markings,tertiary,none,0.231,2,,"mixed traffic, 25 mph, single lane"
198924878,CHERRYLAND ROAD,Shared Lane Markings,tertiary,none,0.180,2,,"mixed traffic, 25 mph, single lane"
6009864,CHESAPEAKE AVE,Buffered Bike Lane,unclassified,none,0.552,2,2,"mixed traffic, 25 mph, single lane"
6012338,CORSE AVE,Shared Lane Markings,secondary,none,0.111,3,,"mixed traffic, 30 mph, single lane"
548386171,CORSE AVE,Shared Lane Markings,secondary,none,0.015,3,,"mixed traffic, 30 mph, single lane"
275828165,COVINGTON ST,Separated Bike Lane,residential,none,0.039,2,1,"mixed traffic, 25 mph, single lane"
452789362,COVINGTON ST,Separated Bike Lane,residential,none,0.181,2,1,"mixed traffic, 25 mph, single lane"
87903957,CROSS COUNTRY BLVD,Shared Lane Markings,secondary_link,none,0.041,3,,"mixed traffic, 30 mph, single lane"
1031037673,CROSS COUNTRY BLVD,Shared Lane Markings,secondary,none,0.025,3,,"mixed traffic, 25 mph, single lane, arterial floor"
6016914,DOLFIELD AVE,Shared Lane Markings,tertiary,none,0.424,2,,"mixed traffic, 25 mph, single lane"
451775066,DOLFIELD AVE,Shared Lane Markings,tertiary,none,0.172,2,,"mixed traffic, 25 mph, single lane"
424992144,DRUID HILL AVE,Separated Bike Lane,secondary,none,0.017,3,1,"mixed traffic, 25 mph, urban multilane, wide one-way floor"
6000701,DRUID PARK LAKE DR,Separated Bike Lane,secondary,none,0.086,3,1,"mixed traffic, 30 mph, urban multilane"
6005536,DRUID PARK LAKE DR,Separated Bike Lane,secondary_link,none,0.037,3,1,"mixed traffic, 30 mph, urban multilane"
51731746,DRUID PARK LAKE DR,Separated Bike Lane,service,none,0.024,3,1,"mixed traffic, 30 mph, single lane"
423400502,DRUID PARK LAKE DR,Separated Bike Lane,secondary,none,0.190,3,1,"mixed traffic, 30 mph, single lane"
423400503,DRUID PARK LAKE DR,Separated Bike Lane,secondary,none,0.058,3,1,"mixed traffic, 30 mph, urban multilane"
423606445,DRUID PARK LAKE DR,Separated Bike Lane,secondary,none,0.141,3,1,"mixed traffic, 30 mph, single lane"
424992145,DRUID PARK LAKE DR,Separated Bike Lane,secondary,none,0.046,3,1,"mixed traffic, 30 mph, urban multilane"
424996486,DRUID PARK LAKE DR,Separated Bike Lane,secondary,none,0.025,3,1,"mixed traffic, 30 mph, urban multilane"
424996487,DRUID PARK LAKE DR,Separated Bike Lane,secondary,none,0.029,3,1,"mixed traffic, 30 mph, single lane"
500547204,DRUID PARK LAKE DR,Separated Bike Lane,tertiary,none,0.117,2,2,"mixed traffic, 25 mph, single lane"
542298302,DRUID PARK LAKE DR,Separated Bike Lane,secondary,none,0.049,3,1,"mixed traffic, 30 mph, urban multilane"
542313794,DRUID PARK LAKE DR,Separated Bike Lane,secondary,none,0.125,3,1,"mixed traffic, 30 mph, urban multilane"
542326325,DRUID PARK LAKE DR,Separated Bike Lane,secondary,none,0.071,3,1,"mixed traffic, 30 mph, urban multilane"
542326326,DRUID PARK LAKE DR,Separated Bike Lane,secondary,none,0.047,3,1,"mixed traffic, 30 mph, urban multilane"
542326327,DRUID PARK LAKE DR,Separated Bike Lane,secondary,none,0.012,3,1,"mixed traffic, 30 mph, urban multilane"
546214818,DRUID PARK LAKE DR,Separated Bike Lane,secondary,none,0.025,3,1,"mixed traffic, 30 mph, urban multilane"
548242348,DRUID PARK LAKE DR,Separated Bike Lane,secondary,none,0.039,3,1,"mixed traffic, 30 mph, single lane"
581464220,DRUID PARK LAKE DR,Separated Bike Lane,tertiary,none,0.005,2,2,"mixed traffic, 25 mph, single lane"
765310589,DRUID PARK LAKE DR,Separated Bike Lane,secondary,none,0.036,3,1,"mixed traffic, 30 mph, single lane"
765310590,DRUID PARK LAKE DR,Separated Bike Lane,secondary,none,0.033,3,1,"mixed traffic, 30 mph, urban multilane"
895761172,DRUID PARK LAKE DR,Separated Bike Lane,secondary,none,0.024,3,1,"mixed traffic, 30 mph, urban multilane"
949168593,DRUID PARK LAKE DR,Separated Bike Lane,secondary,none,0.116,3,1,"mixed traffic, 30 mph, single lane"
966518030,DRUID PARK LAKE DR,Separated Bike Lane,tertiary,none,0.006,2,2,"mixed traffic, 25 mph, single lane"
1069502089,DRUID PARK LAKE DR,Separated Bike Lane,secondary_link,none,0.031,3,1,"mixed traffic, 30 mph, urban multilane"
75091528,DUNDALK AVE,Bike Lane,primary_link,none,0.086,4,3,"mixed traffic, 35 mph or above"
244059642,DUNDALK AVE,Bike Lane,primary_link,none,0.067,4,3,"mixed traffic, 35 mph or above"
587436855,DUNDALK AVE,Bike Lane,tertiary_link,none,0.008,3,3,"mixed traffic, 30 mph, single lane"
6019053,E 20TH ST,Separated Bike Lane,residential,"-1,lane,shared_lane",0.069,2,2,"bike lane, narrow at 25 mph or below"
225157507,E 20TH ST,Separated Bike Lane,residential,"-1,lane,shared_lane",0.086,2,2,"bike lane, narrow at 25 mph or below"
1156356326,E 20TH ST,Separated Bike Lane,residential,"-1,lane,shared_lane",0.045,2,2,"bike lane, narrow at 25 mph or below"
424999866,E 32ND ST,Bike Lane,primary,none,0.007,3,3,"mixed traffic, 25 mph, urban multilane, two-way floor"
5998782,E 33RD ST,Bike Lane,primary_link,none,0.099,3,3,"mixed traffic, 30 mph, single lane"
89632601,E 33RD ST,Bike Lane,primary,none,0.028,3,3,"mixed traffic, 30 mph, urban multilane"
132609849,E 33RD ST,Shared Lane Markings,primary,none,0.098,3,,"mixed traffic, 30 mph, urban multilane"
375012288,E 33RD ST,Shared Lane Markings,primary,none,0.262,3,,"mixed traffic, 30 mph, urban multilane"
399093877,E 33RD ST,Shared Lane Markings,primary,none,0.048,3,,"mixed traffic, 30 mph, urban multilane"
425002736,E 33RD ST,Shared Lane Markings,primary,none,0.009,3,,"mixed traffic, 30 mph, urban multilane"
809232378,E 33RD ST,Shared Lane Markings,primary,none,0.006,3,,"mixed traffic, 30 mph, urban multilane"
947448834,E 33RD ST,Shared Lane Markings,primary,none,0.073,3,,"mixed traffic, 30 mph, urban multilane"
965606761,E 33RD ST,Shared Lane Markings,primary,none,0.028,3,,"mixed traffic, 30 mph, urban multilane"
975261714,E 33RD ST,Shared Lane Markings,primary,none,0.010,3,,"mixed traffic, 30 mph, urban multilane"
110351411,E 39TH ST,Separated Bike Lane,secondary,lane,0.019,2,1,"bike lane, narrow at 25 mph or below"
548254013,E 39TH ST,Separated Bike Lane,secondary,none,0.006,3,1,"mixed traffic, 25 mph, urban multilane, two-way floor"
817738138,E 39TH ST,Separated Bike Lane,secondary,lane,0.024,2,1,"bike lane, narrow at 25 mph or below"
852324512,E 39TH ST,Separated Bike Lane,secondary,lane,0.029,2,1,"bike lane, narrow at 25 mph or below"
947743443,E 39TH ST,Separated Bike Lane,secondary,lane,0.057,2,1,"bike lane, narrow at 25 mph or below"
1086465089,E 39TH ST,Separated Bike Lane,secondary,lane,0.020,2,1,"bike lane, narrow at 25 mph or below"
1086465090,E 39TH ST,Separated Bike Lane,secondary,lane,0.025,2,1,"bike lane, narrow at 25 mph or below"
1086465091,E 39TH ST,Separated Bike Lane,secondary,lane,0.048,2,1,"bike lane, narrow at 25 mph or below"
1086465092,E 39TH ST,Separated Bike Lane,secondary,lane,0.006,2,1,"bike lane, narrow at 25 mph or below"
1116744362,E 39TH ST,Separated Bike Lane,secondary,lane,0.081,2,1,"bike lane, narrow at 25 mph or below"
1359542122,E 39TH ST,Separated Bike Lane,secondary,lane,0.023,2,1,"bike lane, narrow at 25 mph or below"
1381075919,E 39TH ST,Separated Bike Lane,secondary,lane,0.023,2,1,"bike lane, narrow at 25 mph or below"
1381079576,E 39TH ST,Separated Bike Lane,secondary,lane,0.008,2,1,"bike lane, narrow at 25 mph or below"
1394500749,E 39TH ST,Separated Bike Lane,secondary,lane,0.009,2,1,"bike lane, narrow at 25 mph or below"
1394500750,E 39TH ST,Separated Bike Lane,secondary,lane,0.006,2,1,"bike lane, narrow at 25 mph or below"
1394500751,E 39TH ST,Separated Bike Lane,secondary,lane,0.005,2,1,"bike lane, narrow at 25 mph or below"
1394500753,E 39TH ST,Separated Bike Lane,secondary,none,0.006,3,1,"mixed traffic, 25 mph, urban multilane, two-way floor"
6010027,E CENTRE ST,Separated Bike Lane,secondary,none,0.087,3,1,"mixed traffic, 25 mph, single lane, arterial floor"
98289479,E CENTRE ST,Separated Bike Lane,secondary,none,0.039,3,1,"mixed traffic, 25 mph, urban multilane, wide one-way floor"
132521360,E CENTRE ST,Separated Bike Lane,secondary,none,0.062,3,1,"mixed traffic, 25 mph, urban multilane, wide one-way floor"
132521361,E CENTRE ST,Separated Bike Lane,primary,none,0.037,3,1,"mixed traffic, 25 mph, urban multilane, wide one-way floor"
424999427,E CENTRE ST,Separated Bike Lane,primary,none,0.041,3,1,"mixed traffic, 25 mph, urban multilane, wide one-way floor"
1014407069,E CENTRE ST,Separated Bike Lane,secondary,none,0.029,3,1,"mixed traffic, 25 mph, urban multilane, wide one-way floor"
1014407070,E CENTRE ST,Separated Bike Lane,secondary,none,0.003,3,1,"mixed traffic, 25 mph, urban multilane, wide one-way floor"
1026621079,E CENTRE ST,Separated Bike Lane,secondary,none,0.006,3,1,"mixed traffic, 25 mph, urban multilane, wide one-way floor"
103285172,E CROMWELL ST,Separated Bike Lane,tertiary,none,0.007,3,1,"mixed traffic, 30 mph, urban multilane"
548444091,E CROMWELL ST,Separated Bike Lane,tertiary,none,0.133,3,1,"mixed traffic, 30 mph, urban multilane"
1052925414,E CROMWELL ST,Separated Bike Lane,tertiary,none,0.034,3,1,"mixed traffic, 30 mph, urban multilane"
1132328634,E CROMWELL ST,Separated Bike Lane,tertiary,none,0.102,2,2,"mixed traffic, 25 mph, single lane"
1466130257,E CROMWELL ST,Separated Bike Lane,tertiary,none,0.017,3,1,"mixed traffic, 30 mph, urban multilane"
1490404412,E CROMWELL ST,Separated Bike Lane,tertiary,none,0.120,3,1,"mixed traffic, 30 mph, urban multilane"
6004698,E HENRIETTA ST,Shared Lane Markings,residential,none,0.101,2,,"mixed traffic, 25 mph, single lane"
6021323,E LEE ST,Shared Lane Markings,secondary,none,0.014,3,,"mixed traffic, 25 mph, single lane, arterial floor"
47987513,E LEE ST,Shared Lane Markings,secondary,none,0.087,3,,"mixed traffic, 25 mph, urban multilane, wide one-way floor"
188783417,E LOMBARD ST,Shared Bus-Bike Lane,primary,none,0.035,3,,"mixed traffic, 30 mph, urban multilane"
951613728,E MONUMENT ST,Separated Bike Lane,tertiary,"-1,lane,shared_lane",0.051,2,1,"bike lane, narrow at 25 mph or below"
6004711,E MOUNT ROYAL AVE,Shared Lane Markings,secondary,none,0.078,3,,"mixed traffic, 30 mph, urban multilane"
6007428,E MOUNT ROYAL AVE,Separated Bike Lane,secondary,none,0.086,3,1,"mixed traffic, 30 mph, urban multilane"
69546294,E MOUNT ROYAL AVE,Shared Lane Markings,secondary,none,0.076,3,,"mixed traffic, 30 mph, urban multilane"
69546295,E MOUNT ROYAL AVE,Shared Lane Markings,secondary,none,0.038,3,,"mixed traffic, 30 mph, urban multilane"
195640771,E MOUNT ROYAL AVE,Shared Lane Markings,secondary,none,0.034,3,,"mixed traffic, 30 mph, urban multilane"
399096869,E MOUNT ROYAL AVE,Shared Lane Markings,secondary,none,0.028,3,,"mixed traffic, 30 mph, urban multilane"
399096870,E MOUNT ROYAL AVE,Separated Bike Lane,secondary,none,0.024,3,1,"mixed traffic, 30 mph, urban multilane"
543735158,E MOUNT ROYAL AVE,Shared Lane Markings,secondary,none,0.024,3,,"mixed traffic, 30 mph, urban multilane"
930214277,E MOUNT ROYAL AVE,Separated Bike Lane,secondary,none,0.012,3,1,"mixed traffic, 30 mph, urban multilane"
69531137,E NORTH AVE,Shared Bus-Bike Lane,primary_link,none,0.046,3,,"mixed traffic, 30 mph, single lane"
69531141,E NORTH AVE,Shared Bus-Bike Lane,primary_link,none,0.035,4,,"mixed traffic, 35 mph or above"
69531144,E NORTH AVE,Shared Bus-Bike Lane,primary_link,none,0.038,3,,"mixed traffic, 25 mph, single lane, arterial floor"
69542330,E NORTH AVE,Shared Bus-Bike Lane,tertiary,none,0.008,3,,"mixed traffic, 30 mph, urban multilane"
543740295,E NORTH AVE,Shared Bus-Bike Lane,primary_link,none,0.035,3,,"mixed traffic, 30 mph, single lane"
49667376,E PRATT ST,Shared Bus-Bike Lane,primary,none,0.020,3,,"mixed traffic, 30 mph, urban multilane"
130599632,E PRATT ST,Shared Bus-Bike Lane,primary,none,0.014,3,,"mixed traffic, 30 mph, urban multilane"
187473003,E PRATT ST,Shared Bus-Bike Lane,primary,none,0.025,3,,"mixed traffic, 30 mph, urban multilane"
1088310153,E PRATT ST,Shared Bus-Bike Lane,primary,none,0.009,3,,"mixed traffic, 30 mph, urban multilane"
383087781,ECHODALE AVE,Shared Lane Markings,secondary,none,0.239,3,,"mixed traffic, 30 mph, single lane"
522334866,ECHODALE AVE,Shared Lane Markings,secondary,none,0.070,3,,"mixed traffic, 30 mph, single lane"
548174724,ECHODALE AVE,Shared Lane Markings,secondary,none,0.027,3,,"mixed traffic, 30 mph, single lane"
548174725,ECHODALE AVE,Shared Lane Markings,secondary,none,0.007,3,,"mixed traffic, 30 mph, single lane"
548174726,ECHODALE AVE,Shared Lane Markings,secondary,none,0.026,3,,"mixed traffic, 30 mph, single lane"
548174727,ECHODALE AVE,Shared Lane Markings,secondary,none,0.084,3,,"mixed traffic, 30 mph, single lane"
948491793,ECHODALE AVE,Shared Lane Markings,secondary,none,0.316,3,,"mixed traffic, 30 mph, single lane"
1238363050,ECHODALE AVE,Shared Lane Markings,secondary,none,0.029,3,,"mixed traffic, 30 mph, urban multilane"
1238363051,ECHODALE AVE,Shared Lane Markings,secondary,none,0.036,3,,"mixed traffic, 30 mph, urban multilane"
10249138,EDMONDSON AVE,Bike Lane,secondary,none,0.037,3,3,"mixed traffic, 30 mph, single lane"
425191357,EDMONDSON AVE,Bike Lane,primary,none,0.029,3,3,"mixed traffic, 30 mph, urban multilane"
606136781,EDMONDSON AVE,Bike Lane,secondary,none,0.036,3,3,"mixed traffic, 30 mph, single lane"
110349927,ELLERSLIE AVE,Separated Bike Lane,secondary,lane,0.029,2,1,"bike lane, narrow at 25 mph or below"
1086465088,ELLERSLIE AVE,Separated Bike Lane,secondary,lane,0.014,2,1,"bike lane, narrow at 25 mph or below"
192254084,ENSOR ST,Shared Bus-Bike Lane,primary,none,0.062,3,,"mixed traffic, 25 mph, urban multilane, wide one-way floor"
120490880,ESSEX ST,Shared Lane Markings,residential,none,0.010,2,,"mixed traffic, 25 mph, single lane"
405899589,ESSEX ST,Shared Lane Markings,residential,none,0.010,2,,"mixed traffic, 25 mph, single lane"
711654873,FAIT AVE,Shared Lane Markings,residential,none,0.076,2,,"mixed traffic, 25 mph, single lane"
49667899,FALLSWAY,Shared Lane Markings,secondary,none,0.065,3,,"mixed traffic, 30 mph, urban multilane"
188783421,FALLSWAY,Shared Lane Markings,secondary,none,0.062,3,,"mixed traffic, 30 mph, urban multilane"
207747774,FALLSWAY,Shared Lane Markings,secondary,none,0.227,3,,"mixed traffic, 30 mph, urban multilane"
424999442,FALLSWAY,Separated Bike Lane,secondary,lane,0.048,3,1,"bike lane, narrow or multilane at 30 mph"
424999445,FALLSWAY,Shared Lane Markings,secondary,none,0.041,3,,"mixed traffic, 30 mph, urban multilane"
424999448,FALLSWAY,Shared Lane Markings,secondary,none,0.046,3,,"mixed traffic, 30 mph, urban multilane"
951603075,FALLSWAY,Separated Bike Lane,primary_link,none,0.005,3,1,"mixed traffic, 30 mph, single lane"
49641448,FLEET ST,Shared Lane Markings,primary_link,none,0.029,3,,"mixed traffic, 25 mph, single lane, arterial floor"
164024528,FRANKFORD AVE,Shared Lane Markings,tertiary,none,1.163,3,,"mixed traffic, 30 mph, urban multilane"
198707921,FRANKFORD AVE,Shared Lane Markings,tertiary,none,0.008,3,,"mixed traffic, 30 mph, single lane"
501281908,FRANKFORD AVE,Bike Lane,tertiary,none,0.011,2,2,"mixed traffic, 25 mph, single lane"
548202880,FRANKFORD AVE,Shared Lane Markings,secondary,none,0.013,3,,"mixed traffic, 30 mph, urban multilane"
548202883,FRANKFORD AVE,Shared Lane Markings,tertiary,none,0.028,3,,"mixed traffic, 30 mph, urban multilane"
1032030698,FRANKFORD AVE,Shared Lane Markings,tertiary,none,0.014,3,,"mixed traffic, 30 mph, single lane"
336425500,FRANKFORD ROAD,Bike Lane,tertiary,none,0.017,2,2,"mixed traffic, 25 mph, single lane"
6008308,FREDERICK AVE,Shared Lane Markings,residential,none,0.035,3,,"mixed traffic, 30 mph, single lane"
54213941,FREDERICK AVE,Bike Lane,primary,none,0.006,3,3,"mixed traffic, 30 mph, urban multilane"
543801503,FREDERICK AVE,Bike Lane,primary,none,0.030,3,3,"mixed traffic, 30 mph, urban multilane"
1070086186,FREDERICK AVE,Bike Lane,unclassified,none,0.147,3,3,"mixed traffic, 30 mph, single lane"
208502671,GARRISON BLVD,Shared Lane Markings,secondary,none,0.021,3,,"mixed traffic, 30 mph, single lane"
424991337,GARRISON BLVD,Shared Lane Markings,secondary,none,0.014,3,,"mixed traffic, 30 mph, urban multilane"
424991338,GARRISON BLVD,Shared Lane Markings,secondary,none,0.031,3,,"mixed traffic, 30 mph, single lane"
424991343,GARRISON BLVD,Shared Lane Markings,secondary,none,0.020,3,,"mixed traffic, 30 mph, urban multilane"
424991346,GARRISON BLVD,Shared Lane Markings,secondary,none,0.014,3,,"mixed traffic, 30 mph, urban multilane"
424991349,GARRISON BLVD,Shared Lane Markings,secondary,none,0.014,3,,"mixed traffic, 30 mph, urban multilane"
424991353,GARRISON BLVD,Shared Lane Markings,secondary,none,0.013,3,,"mixed traffic, 30 mph, urban multilane"
424991359,GARRISON BLVD,Shared Lane Markings,secondary,none,0.021,3,,"mixed traffic, 30 mph, urban multilane"
424991362,GARRISON BLVD,Shared Lane Markings,secondary,none,0.026,3,,"mixed traffic, 30 mph, urban multilane"
424991364,GARRISON BLVD,Shared Lane Markings,secondary,none,0.037,3,,"mixed traffic, 30 mph, urban multilane"
424991367,GARRISON BLVD,Shared Lane Markings,secondary,none,0.018,3,,"mixed traffic, 30 mph, urban multilane"
424991370,GARRISON BLVD,Shared Lane Markings,secondary,none,0.025,3,,"mixed traffic, 30 mph, urban multilane"
424991373,GARRISON BLVD,Shared Lane Markings,secondary,none,0.033,3,,"mixed traffic, 30 mph, urban multilane"
424991375,GARRISON BLVD,Shared Lane Markings,secondary,none,0.026,3,,"mixed traffic, 30 mph, urban multilane"
424991378,GARRISON BLVD,Shared Lane Markings,secondary,none,0.052,3,,"mixed traffic, 30 mph, single lane"
424991379,GARRISON BLVD,Shared Lane Markings,secondary,none,0.057,3,,"mixed traffic, 30 mph, single lane"
424991383,GARRISON BLVD,Shared Lane Markings,secondary,none,0.064,3,,"mixed traffic, 30 mph, single lane"
424991387,GARRISON BLVD,Shared Lane Markings,secondary,none,0.082,3,,"mixed traffic, 30 mph, single lane"
501239875,GARRISON BLVD,Shared Lane Markings,secondary,none,0.022,3,,"mixed traffic, 30 mph, single lane"
546225584,GARRISON BLVD,Shared Lane Markings,secondary,none,0.017,3,,"mixed traffic, 30 mph, urban multilane"
546225585,GARRISON BLVD,Shared Lane Markings,secondary,none,0.024,3,,"mixed traffic, 30 mph, single lane"
546225586,GARRISON BLVD,Shared Lane Markings,secondary,none,0.035,3,,"mixed traffic, 30 mph, single lane"
6019126,GREENSPRING AVE,Separated Bike Lane,secondary,lane,0.141,3,1,"bike lane, narrow or multilane at 30 mph"
87914008,GREENSPRING AVE,Bike Lane,secondary,shared_lane,0.018,3,3,"mixed traffic, 30 mph, urban multilane"
188164049,GREENSPRING AVE,Bike Lane,secondary,separate,0.188,2,2,"mixed traffic, 25 mph, single lane"
188164057,GREENSPRING AVE,Shared Lane Markings,secondary,none,0.105,3,,"mixed traffic, 25 mph, urban multilane, two-way floor"
188165134,GREENSPRING AVE,Shared Lane Markings,secondary,none,0.009,3,,"mixed traffic, 25 mph, urban multilane, two-way floor"
213559205,GREENSPRING AVE,Separated Bike Lane,secondary,lane,0.034,3,1,"bike lane, narrow or multilane at 30 mph"
424992206,GREENSPRING AVE,Bike Lane,secondary,shared_lane,0.019,3,3,"mixed traffic, 30 mph, urban multilane"
424995896,GREENSPRING AVE,Bike Lane,secondary,separate,0.026,3,3,"mixed traffic, 25 mph, urban multilane, two-way floor"
425193724,GREENSPRING AVE,Shared Lane Markings,secondary,none,0.007,3,,"mixed traffic, 25 mph, urban multilane, two-way floor"
451736777,GREENSPRING AVE,Shared Lane Markings,secondary,none,0.038,3,,"mixed traffic, 25 mph, urban multilane, two-way floor"
544896745,GREENSPRING AVE,Separated Bike Lane,secondary,lane,0.173,3,1,"bike lane, narrow or multilane at 30 mph"
544900513,GREENSPRING AVE,Shared Lane Markings,secondary,none,0.012,3,,"mixed traffic, 25 mph, urban multilane, two-way floor"
544900514,GREENSPRING AVE,Shared Lane Markings,secondary,none,0.023,3,,"mixed traffic, 25 mph, urban multilane, two-way floor"
605714000,GREENSPRING AVE,Shared Lane Markings,secondary,none,0.069,3,,"mixed traffic, 25 mph, urban multilane, two-way floor"
605726735,GREENSPRING AVE,Bike Lane,secondary,shared_lane,0.022,3,3,"mixed traffic, 30 mph, single lane"
605726736,GREENSPRING AVE,Bike Lane,secondary,shared_lane,0.034,3,3,"mixed traffic, 30 mph, single lane"
840946930,GREENSPRING AVE,Separated Bike Lane,secondary,lane,0.006,3,1,"bike lane, narrow or multilane at 30 mph"
840946950,GREENSPRING AVE,Separated Bike Lane,secondary,lane,0.012,3,1,"bike lane, narrow or multilane at 30 mph"
840946951,GREENSPRING AVE,Separated Bike Lane,secondary,lane,0.063,3,1,"bike lane, narrow or multilane at 30 mph"
840946953,GREENSPRING AVE,Separated Bike Lane,secondary,lane,0.034,3,1,"bike lane, narrow or multilane at 30 mph"
840946954,GREENSPRING AVE,Separated Bike Lane,secondary,lane,0.022,3,1,"bike lane, narrow or multilane at 30 mph"
947498316,GREENSPRING AVE,Separated Bike Lane,secondary,lane,0.035,3,1,"bike lane, narrow or multilane at 30 mph"
947498325,GREENSPRING AVE,Shared Lane Markings,secondary,none,0.093,3,,"mixed traffic, 25 mph, urban multilane, two-way floor"
947541482,GREENSPRING AVE,Bike Lane,secondary,separate,0.192,2,2,"mixed traffic, 25 mph, single lane"
1017386237,GREENSPRING AVE,Bike Lane,secondary,shared_lane,0.019,3,3,"mixed traffic, 30 mph, urban multilane"
1017386238,GREENSPRING AVE,Bike Lane,secondary,shared_lane,0.010,3,3,"mixed traffic, 30 mph, single lane"
1017386239,GREENSPRING AVE,Bike Lane,secondary,shared_lane,0.022,3,3,"mixed traffic, 30 mph, urban multilane"
1051529550,GREENSPRING AVE,Separated Bike Lane,secondary,lane,0.039,3,1,"bike lane, narrow or multilane at 30 mph"
1086456622,GREENSPRING AVE,Separated Bike Lane,secondary,lane,0.004,3,1,"bike lane, narrow or multilane at 30 mph"
1086456623,GREENSPRING AVE,Separated Bike Lane,secondary,lane,0.012,3,1,"bike lane, narrow or multilane at 30 mph"
1088161172,GREENSPRING AVE,Separated Bike Lane,secondary,lane,0.027,3,1,"bike lane, narrow or multilane at 30 mph"
1088161175,GREENSPRING AVE,Bike Lane,secondary,separate,0.076,3,3,"mixed traffic, 30 mph, single lane"
1558383598,GREENSPRING AVE,Bike Lane,secondary,separate,0.156,2,2,"mixed traffic, 25 mph, single lane"
1558383599,GREENSPRING AVE,Bike Lane,secondary,none,0.016,3,2,"mixed traffic, 25 mph, single lane, arterial floor"
1558383600,GREENSPRING AVE,Bike Lane,secondary,separate,0.015,2,2,"mixed traffic, 25 mph, single lane"
11202273,GUILFORD AVE,Shared Lane Markings,secondary,none,0.054,3,,"mixed traffic, 30 mph, urban multilane"
69530905,GUILFORD AVE,Separated Bike Lane,tertiary,shared_lane,0.048,2,2,"mixed traffic, 25 mph, single lane"
69546296,GUILFORD AVE,Shared Lane Markings,secondary,none,0.013,3,,"mixed traffic, 30 mph, urban multilane"
98289441,GUILFORD AVE,Shared Lane Markings,secondary,none,0.032,3,,"mixed traffic, 30 mph, urban multilane"
113918674,GUILFORD AVE,Shared Lane Markings,tertiary,none,0.058,3,,"mixed traffic, 30 mph, urban multilane"
113918678,GUILFORD AVE,Shared Lane Markings,secondary,none,0.060,3,,"mixed traffic, 30 mph, urban multilane"
132521405,GUILFORD AVE,Bike Lane,secondary,none,0.125,3,3,"mixed traffic, 30 mph, urban multilane"
207747775,GUILFORD AVE,Separated Bike Lane,tertiary,none,0.009,2,2,"mixed traffic, 25 mph, single lane"
424999451,GUILFORD AVE,Bike Lane,primary,none,0.005,3,3,"mixed traffic, 30 mph, urban multilane"
424999454,GUILFORD AVE,Bike Lane,primary,none,0.078,3,3,"mixed traffic, 30 mph, urban multilane"
500551956,GUILFORD AVE,Shared Lane Markings,secondary,none,0.013,3,,"mixed traffic, 30 mph, urban multilane"
548207114,GUILFORD AVE,Shared Lane Markings,secondary,none,0.060,3,,"mixed traffic, 30 mph, urban multilane"
548207117,GUILFORD AVE,Shared Lane Markings,secondary,none,0.013,3,,"mixed traffic, 30 mph, urban multilane"
833243489,GUILFORD AVE,Separated Bike Lane,tertiary,shared_lane,0.004,2,2,"mixed traffic, 25 mph, single lane"
949066303,GUILFORD AVE,Separated Bike Lane,tertiary,shared_lane,0.029,2,2,"mixed traffic, 25 mph, single lane"
607444596,GWYNN OAK AVE,Bike Lane,secondary,none,0.022,3,3,"mixed traffic, 30 mph, single lane"
6012154,HAMLIN AVE,Shared Lane Markings,residential,none,0.061,2,,"mixed traffic, 25 mph, single lane"
613377965,HAMLIN AVE,Shared Lane Markings,residential,none,0.009,2,,"mixed traffic, 25 mph, single lane"
178254354,HARFORD RD,Separated Bike Lane,primary,none,0.044,3,1,"mixed traffic, 30 mph, single lane"
178254356,HARFORD RD,Separated Bike Lane,primary,none,0.056,3,1,"mixed traffic, 25 mph, single lane, arterial floor"
178254357,HARFORD RD,Separated Bike Lane,primary,none,0.090,3,3,"mixed traffic, 30 mph, single lane"
178254358,HARFORD RD,Separated Bike Lane,primary,none,0.052,3,1,"mixed traffic, 25 mph, single lane, arterial floor"
178254360,HARFORD RD,Separated Bike Lane,primary,none,0.029,3,1,"mixed traffic, 25 mph, urban multilane, arterial floor"
178254361,HARFORD RD,Separated Bike Lane,primary,none,0.033,3,3,"mixed traffic, 30 mph, single lane"
178254364,HARFORD RD,Separated Bike Lane,primary,none,0.058,3,1,"mixed traffic, 25 mph, single lane, arterial floor"
178254365,HARFORD RD,Separated Bike Lane,primary,none,0.100,3,1,"mixed traffic, 30 mph, single lane"
178254368,HARFORD RD,Separated Bike Lane,primary,none,0.036,3,1,"mixed traffic, 30 mph, single lane"
178254372,HARFORD RD,Separated Bike Lane,primary,none,0.036,3,1,"mixed traffic, 30 mph, single lane"
178254373,HARFORD RD,Separated Bike Lane,primary,none,0.044,3,1,"mixed traffic, 30 mph, single lane"
178254376,HARFORD RD,Separated Bike Lane,primary,none,0.031,3,3,"mixed traffic, 30 mph, urban multilane"
178254379,HARFORD RD,Separated Bike Lane,primary,none,0.041,3,1,"mixed traffic, 25 mph, single lane, arterial floor"
178254380,HARFORD RD,Separated Bike Lane,primary,none,0.008,3,3,"mixed traffic, 30 mph, urban multilane"
178254383,HARFORD RD,Separated Bike Lane,primary,none,0.138,3,1,"mixed traffic, 30 mph, single lane"
178254384,HARFORD RD,Separated Bike Lane,primary,none,0.024,3,3,"mixed traffic, 30 mph, single lane"
178254386,HARFORD RD,Separated Bike Lane,primary,none,0.067,3,1,"mixed traffic, 30 mph, single lane"
204145058,HARFORD RD,Separated Bike Lane,primary,none,0.027,3,3,"mixed traffic, 30 mph, urban multilane"
424993002,HARFORD RD,Separated Bike Lane,primary,none,0.014,3,3,"mixed traffic, 30 mph, urban multilane"
424993005,HARFORD RD,Separated Bike Lane,primary,none,0.008,3,1,"mixed traffic, 30 mph, urban multilane"
424993007,HARFORD RD,Separated Bike Lane,primary,none,0.024,3,3,"mixed traffic, 30 mph, urban multilane"
424993009,HARFORD RD,Separated Bike Lane,primary,none,0.020,3,3,"mixed traffic, 30 mph, urban multilane"
424993011,HARFORD RD,Separated Bike Lane,primary,none,0.008,3,3,"mixed traffic, 30 mph, urban multilane"
424993012,HARFORD RD,Separated Bike Lane,primary,none,0.011,3,3,"mixed traffic, 30 mph, urban multilane"
424993013,HARFORD RD,Separated Bike Lane,primary,none,0.026,3,3,"mixed traffic, 30 mph, single lane"
424993014,HARFORD RD,Separated Bike Lane,primary,none,0.022,3,3,"mixed traffic, 25 mph, single lane, arterial floor"
424993016,HARFORD RD,Separated Bike Lane,primary,none,0.032,3,1,"mixed traffic, 30 mph, single lane"
424993017,HARFORD RD,Separated Bike Lane,primary,none,0.047,3,1,"mixed traffic, 30 mph, single lane"
424993018,HARFORD RD,Separated Bike Lane,primary,none,0.034,3,1,"mixed traffic, 30 mph, single lane"
424993019,HARFORD RD,Separated Bike Lane,primary,none,0.032,3,1,"mixed traffic, 30 mph, single lane"
424993020,HARFORD RD,Separated Bike Lane,primary,none,0.049,3,1,"mixed traffic, 30 mph, single lane"
424993021,HARFORD RD,Separated Bike Lane,primary,none,0.058,3,1,"mixed traffic, 30 mph, single lane"
425185603,HARFORD RD,Separated Bike Lane,primary,none,0.021,3,3,"mixed traffic, 30 mph, urban multilane"
457752051,HARFORD RD,Separated Bike Lane,primary,none,0.030,3,1,"mixed traffic, 30 mph, single lane"
546619997,HARFORD RD,Separated Bike Lane,primary,none,0.010,3,1,"mixed traffic, 30 mph, urban multilane"
546619998,HARFORD RD,Separated Bike Lane,primary,none,0.090,3,1,"mixed traffic, 30 mph, single lane"
546649580,HARFORD RD,Separated Bike Lane,primary,none,0.047,3,1,"mixed traffic, 30 mph, single lane"
546649581,HARFORD RD,Separated Bike Lane,primary,none,0.013,3,1,"mixed traffic, 30 mph, urban multilane"
546649583,HARFORD RD,Separated Bike Lane,primary,none,0.010,3,3,"mixed traffic, 30 mph, urban multilane"
546930026,HARFORD RD,Separated Bike Lane,primary,none,0.033,3,1,"mixed traffic, 30 mph, urban multilane"
948875387,HARFORD RD,Separated Bike Lane,primary,none,0.053,3,1,"mixed traffic, 25 mph, single lane, arterial floor"
964285852,HARFORD RD,Separated Bike Lane,primary,none,0.100,3,1,"mixed traffic, 25 mph, single lane, arterial floor"
1065748664,HARFORD RD,Separated Bike Lane,primary,none,0.011,3,1,"mixed traffic, 25 mph, single lane, arterial floor"
1173273723,HARFORD RD,Separated Bike Lane,primary,none,0.121,3,1,"mixed traffic, 30 mph, single lane"
1238354682,HARFORD RD,Separated Bike Lane,primary,none,0.016,3,1,"mixed traffic, 25 mph, urban multilane, two-way floor"
1329007246,HARFORD RD,Separated Bike Lane,primary,none,0.019,3,3,"mixed traffic, 30 mph, urban multilane"
1329013103,HARFORD RD,Separated Bike Lane,primary,none,0.009,3,3,"mixed traffic, 30 mph, urban multilane"
1561868689,HARFORD RD,Separated Bike Lane,primary,none,0.024,3,3,"mixed traffic, 30 mph, single lane"
1561868704,HARFORD RD,Separated Bike Lane,primary,none,0.057,3,1,"mixed traffic, 30 mph, single lane"
1561868716,HARFORD RD,Separated Bike Lane,primary,none,0.058,3,1,"mixed traffic, 30 mph, single lane"
1561868719,HARFORD RD,Separated Bike Lane,primary,none,0.022,3,3,"mixed traffic, 30 mph, urban multilane"
424999891,HILLEN RD,Separated Bike Lane,primary,none,0.042,4,1,"mixed traffic, 35 mph or above"
1054512906,HILLEN RD,Separated Bike Lane,primary,none,0.017,4,1,"mixed traffic, 35 mph or above"
1067446518,HILLEN RD,Separated Bike Lane,primary,none,0.011,3,1,"mixed traffic, 20 mph or below, urban multilane, wide one-way floor"
423405850,HILTON ROAD,Shared Lane Markings,primary,none,0.029,3,,"mixed traffic, 25 mph, urban multilane, two-way floor"
544646176,HILTON ROAD,Shared Lane Markings,primary,none,0.049,3,,"mixed traffic, 25 mph, single lane, arterial floor"
544646177,HILTON ROAD,Shared Lane Markings,primary,none,0.033,3,,"mixed traffic, 25 mph, single lane, arterial floor"
607198354,HILTON ROAD,Bike Lane,primary,none,0.007,3,2,"mixed traffic, 25 mph, urban multilane, arterial floor"
950044902,HILTON ROAD,Bike Lane,primary,none,0.004,3,2,"mixed traffic, 25 mph, urban multilane, arterial floor"
1337689470,HILTON ROAD,Shared Lane Markings,primary,none,0.015,3,,"mixed traffic, 25 mph, urban multilane, two-way floor"
75359769,HOLLINS ST,Shared Lane Markings,residential,none,0.076,2,,"mixed traffic, 25 mph, single lane"
75359775,HOLLINS ST,Shared Lane Markings,residential,none,0.302,2,,"mixed traffic, 25 mph, single lane"
75359777,HOLLINS ST,Shared Lane Markings,residential,none,0.021,2,,"mixed traffic, 25 mph, single lane"
77438562,HOLLINS ST,Shared Lane Markings,residential,none,0.289,2,,"mixed traffic, 25 mph, single lane"
77438564,HOLLINS ST,Shared Lane Markings,residential,none,0.094,2,,"mixed traffic, 25 mph, single lane"
495066061,HOLLINS ST,Shared Lane Markings,residential,none,0.078,1,,"mixed traffic, 20 mph or below, single lane"
495066062,HOLLINS ST,Shared Lane Markings,residential,none,0.081,2,,"mixed traffic, 25 mph, single lane"
883733529,HOLLINS ST,Shared Lane Markings,residential,none,0.076,2,,"mixed traffic, 25 mph, single lane"
1088194792,HOLLINS ST,Shared Lane Markings,residential,none,0.185,2,,"mixed traffic, 25 mph, single lane"
450298552,HUDSON ST,Contraflow Bike Lane,residential,none,0.009,2,2,"mixed traffic, 25 mph, single lane"
1083025884,KELLY AVE,Shared Lane Markings,secondary,none,0.024,3,,"mixed traffic, 25 mph, urban multilane, two-way floor"
188969422,LAWRENCE ST,Separated Bike Lane,tertiary,none,0.101,3,3,"mixed traffic, 25 mph, urban multilane, two-way floor"
109485103,LEAKIN ST,Shared Lane Markings,unclassified,none,0.028,2,,"mixed traffic, 25 mph, single lane"
450298554,LEAKIN ST,Shared Lane Markings,residential,none,0.007,2,,"mixed traffic, 25 mph, single lane"
10426297,LIBERTY HEIGHTS AVE,Separated Bike Lane,tertiary,none,0.051,3,1,"mixed traffic, 30 mph, urban multilane"
89385453,LIBERTY HEIGHTS AVE,Separated Bike Lane,tertiary,none,0.010,3,1,"mixed traffic, 30 mph, urban multilane"
425185517,LIBERTY HEIGHTS AVE,Separated Bike Lane,tertiary,none,0.031,3,1,"mixed traffic, 30 mph, urban multilane"
451551609,LIBERTY HEIGHTS AVE,Separated Bike Lane,primary,none,0.009,3,1,"mixed traffic, 30 mph, urban multilane"
543337931,LIBERTY HEIGHTS AVE,Separated Bike Lane,primary,none,0.009,3,1,"mixed traffic, 30 mph, urban multilane"
543337936,LIBERTY HEIGHTS AVE,Separated Bike Lane,tertiary,none,0.062,3,1,"mixed traffic, 30 mph, urban multilane"
543337937,LIBERTY HEIGHTS AVE,Separated Bike Lane,tertiary,lane,0.011,3,1,"bike lane, narrow or multilane at 30 mph"
543351458,LIBERTY HEIGHTS AVE,Separated Bike Lane,tertiary,lane,0.039,3,1,"bike lane, narrow or multilane at 30 mph"
546214819,LIBERTY HEIGHTS AVE,Separated Bike Lane,tertiary,none,0.046,3,1,"mixed traffic, 30 mph, urban multilane"
1087489137,LIBERTY HEIGHTS AVE,Separated Bike Lane,tertiary,none,0.044,3,1,"mixed traffic, 30 mph, urban multilane"
501503721,LIGHT ST,Shared Bus-Bike Lane,primary,none,0.027,3,,"mixed traffic, 30 mph, urban multilane"
547727934,LIGHT ST,Shared Bus-Bike Lane,primary,none,0.040,3,,"mixed traffic, 30 mph, urban multilane"
606386293,LIGHT ST,Shared Bus-Bike Lane,primary,none,0.025,3,,"mixed traffic, 30 mph, urban multilane"
866616168,LIGHT ST,Shared Bus-Bike Lane,primary,none,0.011,3,,"mixed traffic, 30 mph, urban multilane"
111058351,LOCH RAVEN BLVD,Shared Lane Markings,secondary,none,0.057,3,,"mixed traffic, 30 mph, urban multilane"
191923166,LOCH RAVEN BLVD,Shared Lane Markings,primary,none,0.012,3,,"mixed traffic, 30 mph, urban multilane"
191923167,LOCH RAVEN BLVD,Shared Lane Markings,secondary,none,0.046,3,,"mixed traffic, 30 mph, urban multilane"
425003366,LOCH RAVEN BLVD,Shared Lane Markings,secondary,none,0.254,3,,"mixed traffic, 30 mph, urban multilane"
425003367,LOCH RAVEN BLVD,Shared Lane Markings,secondary,none,0.026,3,,"mixed traffic, 30 mph, urban multilane"
516096590,LOCH RAVEN BLVD,Shared Lane Markings,secondary,none,0.012,3,,"mixed traffic, 30 mph, urban multilane"
832603625,LOCH RAVEN BLVD,Shared Lane Markings,secondary,none,0.325,3,,"mixed traffic, 30 mph, urban multilane"
1552354996,LOCH RAVEN BLVD,Shared Lane Markings,secondary,none,0.028,3,,"mixed traffic, 30 mph, urban multilane"
491465864,MADISON AVE,Bike Lane,residential,none,0.005,2,2,"mixed traffic, 25 mph, urban multilane"
491465865,MADISON AVE,Bike Lane,residential,none,0.003,2,2,"mixed traffic, 25 mph, urban multilane"
949167915,MADISON AVE,Shared Lane Markings,residential,none,0.228,2,,"mixed traffic, 25 mph, single lane"
98144270,MARYLAND AVE,Separated Bike Lane,secondary,none,0.027,3,1,"mixed traffic, 25 mph, urban multilane, wide one-way floor"
279675881,MARYLAND AVE,Separated Bike Lane,secondary,lane,0.011,2,1,"bike lane, narrow at 25 mph or below"
431328171,MARYLAND AVE,Separated Bike Lane,secondary,lane,0.044,2,1,"bike lane, narrow at 25 mph or below"
69545955,MCMECHEN ST,Shared Lane Markings,unclassified,none,0.044,2,,"mixed traffic, 25 mph, single lane"
160184314,MCMECHEN ST,Shared Lane Markings,tertiary,none,0.247,2,,"mixed traffic, 25 mph, single lane"
548242343,MCMECHEN ST,Shared Lane Markings,tertiary,none,0.020,2,,"mixed traffic, 25 mph, single lane"
548242345,MCMECHEN ST,Shared Lane Markings,tertiary,none,0.006,2,,"mixed traffic, 25 mph, single lane"
1132328651,MISSION BLVD,Separated Bike Lane,tertiary,none,0.053,3,1,"mixed traffic, 25 mph, urban multilane, two-way floor"
1087376014,MORAVIA PARK DR,Bike Lane,secondary,shared_lane,0.062,3,2,"mixed traffic, 25 mph, single lane, arterial floor"
1158744060,MORAVIA PARK DR,Bike Lane,secondary,none,0.019,3,2,"mixed traffic, 25 mph, urban multilane, two-way floor"
55878858,N BROADWAY,Shared Lane Markings,secondary,none,0.171,3,,"mixed traffic, 30 mph, urban multilane"
75923298,N BROADWAY,Shared Lane Markings,secondary,none,0.141,3,,"mixed traffic, 20 mph or below, single lane, arterial floor"
75923300,N BROADWAY,Shared Lane Markings,secondary,none,0.080,3,,"mixed traffic, 30 mph, urban multilane"
75923301,N BROADWAY,Shared Lane Markings,secondary,none,0.165,3,,"mixed traffic, 30 mph, urban multilane"
75923303,N BROADWAY,Shared Lane Markings,secondary,none,0.063,3,,"mixed traffic, 20 mph or below, urban multilane, two-way floor"
111081877,N BROADWAY,Shared Lane Markings,secondary,none,0.073,3,,"mixed traffic, 20 mph or below, single lane, arterial floor"
111082097,N BROADWAY,Shared Lane Markings,secondary,none,0.035,3,,"mixed traffic, 20 mph or below, urban multilane, two-way floor"
111082099,N BROADWAY,Shared Lane Markings,secondary,none,0.022,3,,"mixed traffic, 30 mph, urban multilane"
425000029,N BROADWAY,Bike Lane,secondary,none,0.027,3,3,"mixed traffic, 30 mph, urban multilane"
425004663,N BROADWAY,Shared Lane Markings,secondary,none,0.028,3,,"mixed traffic, 20 mph or below, urban multilane, two-way floor"
425004664,N BROADWAY,Shared Lane Markings,secondary,none,0.010,3,,"mixed traffic, 20 mph or below, urban multilane, two-way floor"
548441499,N BROADWAY,Bike Lane,secondary,none,0.025,3,3,"mixed traffic, 30 mph, urban multilane"
978418119,N BROADWAY,Shared Lane Markings,secondary,none,0.009,3,,"mixed traffic, 20 mph or below, single lane, arterial floor"
978421438,N BROADWAY,Shared Lane Markings,secondary,none,0.010,3,,"mixed traffic, 30 mph, urban multilane"
1037075233,N BROADWAY,Shared Lane Markings,secondary,none,0.008,3,,"mixed traffic, 20 mph or below, single lane, arterial floor"
1037075234,N BROADWAY,Shared Lane Markings,secondary,none,0.008,3,,"mixed traffic, 20 mph or below, single lane, arterial floor"
1049266955,N BROADWAY,Shared Lane Markings,secondary,none,0.007,3,,"mixed traffic, 30 mph, urban multilane"
1059296027,N BROADWAY,Shared Lane Markings,secondary,none,0.059,3,,"mixed traffic, 20 mph or below, single lane, arterial floor"
1558181723,N BROADWAY,Shared Lane Markings,secondary,none,0.056,3,,"mixed traffic, 30 mph, urban multilane"
132609915,N CHARLES,Buffered Bike Lane,primary,none,0.016,3,2,"mixed traffic, 25 mph, single lane, arterial floor"
179973403,N CHARLES,Buffered Bike Lane,primary,none,0.013,3,2,"mixed traffic, 25 mph, single lane, arterial floor"
543918805,N CHARLES,Buffered Bike Lane,primary,none,0.018,3,2,"mixed traffic, 25 mph, urban multilane, two-way floor"
818850671,N CHARLES,Buffered Bike Lane,primary,none,0.018,3,2,"mixed traffic, 25 mph, urban multilane, two-way floor"
818862072,N CHARLES,Buffered Bike Lane,primary,none,0.018,3,2,"mixed traffic, 25 mph, single lane, arterial floor"
965227601,N CHARLES,Buffered Bike Lane,primary,shared_lane,0.029,3,2,"mixed traffic, 25 mph, urban multilane, two-way floor"
1083034962,N CHARLES,Buffered Bike Lane,primary,none,0.005,3,2,"mixed traffic, 25 mph, single lane, arterial floor"
98289564,N CHARLES ST,Shared Bus-Bike Lane,secondary,none,0.064,3,,"mixed traffic, 30 mph, urban multilane"
107263471,N CHARLES ST,Shared Bus-Bike Lane,secondary,none,0.036,3,,"mixed traffic, 25 mph, urban multilane, arterial floor"
132381955,N CHARLES ST,Buffered Bike Lane,primary,none,0.021,3,2,"mixed traffic, 25 mph, single lane, arterial floor"
132381956,N CHARLES ST,Buffered Bike Lane,residential,none,0.195,2,2,"mixed traffic, 25 mph, single lane"
195640776,N CHARLES ST,Shared Bus-Bike Lane,secondary,none,0.007,3,,"mixed traffic, 30 mph, urban multilane"
195640778,N CHARLES ST,Shared Bus-Bike Lane,secondary,none,0.074,3,,"mixed traffic, 30 mph, urban multilane"
279677110,N CHARLES ST,Shared Bus-Bike Lane,secondary,none,0.064,3,,"mixed traffic, 30 mph, urban multilane"
375706787,N CHARLES ST,Bike Lane,primary,shared_lane,0.027,3,2,"mixed traffic, 25 mph, urban multilane, two-way floor"
399096873,N CHARLES ST,Shared Bus-Bike Lane,secondary,none,0.002,3,,"mixed traffic, 30 mph, urban multilane"
431798551,N CHARLES ST,Buffered Bike Lane,primary,shared_lane,0.039,3,2,"mixed traffic, 25 mph, urban multilane, two-way floor"
532516429,N CHARLES ST,Buffered Bike Lane,residential,none,0.254,2,2,"mixed traffic, 25 mph, single lane"
532516431,N CHARLES ST,Bike Lane,residential,none,0.081,2,2,"mixed traffic, 25 mph, single lane"
542345400,N CHARLES ST,Shared Bus-Bike Lane,secondary,none,0.053,3,,"mixed traffic, 30 mph, urban multilane"
542345401,N CHARLES ST,Shared Bus-Bike Lane,secondary,none,0.027,3,,"mixed traffic, 30 mph, urban multilane"
542345402,N CHARLES ST,Shared Bus-Bike Lane,secondary,none,0.068,3,,"mixed traffic, 30 mph, urban multilane"
542345403,N CHARLES ST,Shared Bus-Bike Lane,secondary,none,0.062,3,,"mixed traffic, 30 mph, urban multilane"
542345404,N CHARLES ST,Shared Bus-Bike Lane,secondary,none,0.032,3,,"mixed traffic, 30 mph, urban multilane"
543911751,N CHARLES ST,Bike Lane,primary,shared_lane,0.040,3,2,"mixed traffic, 25 mph, urban multilane, two-way floor"
548205998,N CHARLES ST,Shared Bus-Bike Lane,secondary,none,0.019,3,,"mixed traffic, 30 mph, urban multilane"
548235583,N CHARLES ST,Shared Bus-Bike Lane,secondary,none,0.010,3,,"mixed traffic, 30 mph, urban multilane"
725779838,N CHARLES ST,Shared Bus-Bike Lane,secondary,none,0.030,3,,"mixed traffic, 25 mph, urban multilane, arterial floor"
818850643,N CHARLES ST,Buffered Bike Lane,primary,none,0.004,3,2,"mixed traffic, 25 mph, urban multilane, two-way floor"
818850664,N CHARLES ST,Bike Lane,primary,none,0.009,3,2,"mixed traffic, 25 mph, urban multilane, two-way floor"
818850670,N CHARLES ST,Buffered Bike Lane,primary,none,0.020,3,2,"mixed traffic, 25 mph, single lane, arterial floor"
818862103,N CHARLES ST,Buffered Bike Lane,primary,none,0.021,3,2,"mixed traffic, 25 mph, single lane, arterial floor"
970453181,N CHARLES ST,Bike Lane,primary,asphalt,0.071,3,2,"mixed traffic, 25 mph, single lane, arterial floor"
972954820,N CHARLES ST,Buffered Bike Lane,primary,none,0.003,3,2,"mixed traffic, 25 mph, single lane, arterial floor"
972954821,N CHARLES ST,Buffered Bike Lane,primary,none,0.012,3,2,"mixed traffic, 25 mph, single lane, arterial floor"
1009204600,N CHARLES ST,Shared Bus-Bike Lane,secondary,none,0.003,3,,"mixed traffic, 30 mph, urban multilane"
1062922431,N CHARLES ST,Buffered Bike Lane,residential,none,0.006,2,2,"mixed traffic, 25 mph, single lane"
11877190,N PACA ST,Separated Bike Lane,secondary,none,0.003,3,1,"mixed traffic, 25 mph, urban multilane, wide one-way floor"
98110684,N PACA ST,Separated Bike Lane,secondary,none,0.031,3,1,"mixed traffic, 25 mph, urban multilane, wide one-way floor"
115240292,N PACA ST,Separated Bike Lane,primary,lane,0.093,4,1,"bike lane, 40 mph or above"
125568092,N PACA ST,Separated Bike Lane,primary,lane,0.043,4,1,"bike lane, 40 mph or above"
541985214,N PACA ST,Separated Bike Lane,primary,none,0.037,4,1,"mixed traffic, 35 mph or above"
1088485663,N PACA ST,Separated Bike Lane,primary,lane,0.033,4,1,"bike lane, 40 mph or above"
203683644,N ROGERS AVE,Shared Lane Markings,tertiary,none,0.567,2,,"mixed traffic, 25 mph, single lane"
501225952,N ROGERS AVE,Shared Lane Markings,tertiary,none,0.085,2,,"mixed traffic, 25 mph, single lane"
545570437,N ROGERS AVE,Shared Lane Markings,tertiary,none,0.020,3,,"mixed traffic, 25 mph, urban multilane, two-way floor"
950055538,N ROGERS AVE,Shared Lane Markings,tertiary,none,0.280,2,,"mixed traffic, 25 mph, single lane"
1558337598,N ROGERS AVE,Shared Lane Markings,tertiary,none,0.022,2,,"mixed traffic, 25 mph, single lane"
1558337599,N ROGERS AVE,Shared Lane Markings,tertiary,none,0.019,2,,"mixed traffic, 25 mph, single lane"
1558337600,N ROGERS AVE,Shared Lane Markings,tertiary,none,0.019,2,,"mixed traffic, 25 mph, single lane"
6022636,N STRICKER ST,Shared Lane Markings,residential,none,0.086,2,,"mixed traffic, 25 mph, single lane"
6022643,N STRICKER ST,Shared Lane Markings,residential,none,0.089,2,,"mixed traffic, 25 mph, single lane"
73920717,N STRICKER ST,Shared Lane Markings,residential,none,0.238,2,,"mixed traffic, 25 mph, single lane"
1047732641,OLD FREDERICK ROAD,Bike Lane,residential,shared_lane,0.027,2,2,"mixed traffic, 25 mph, single lane"
1047732649,OLD FREDERICK ROAD,Bike Lane,residential,shared_lane,0.024,2,2,"mixed traffic, 25 mph, single lane"
1047732650,OLD FREDERICK ROAD,Bike Lane,residential,shared_lane,0.028,2,2,"mixed traffic, 25 mph, single lane"
1047732656,OLD FREDERICK ROAD,Bike Lane,residential,shared_lane,0.028,2,2,"mixed traffic, 25 mph, single lane"
451498929,PARK HEIGHTS AVE,Shared Lane Markings,secondary,none,0.192,3,,"mixed traffic, 30 mph, urban multilane"
542341654,PARK HEIGHTS AVE,Shared Lane Markings,secondary,none,0.096,3,,"mixed traffic, 30 mph, urban multilane"
542341655,PARK HEIGHTS AVE,Shared Lane Markings,secondary,none,0.152,3,,"mixed traffic, 30 mph, urban multilane"
543333881,PARK HEIGHTS AVE,Shared Lane Markings,secondary,none,0.071,3,,"mixed traffic, 30 mph, urban multilane"
947541481,PARK HEIGHTS AVE,Shared Lane Markings,secondary,none,0.202,3,,"mixed traffic, 30 mph, urban multilane"
950977966,PARK HEIGHTS AVE,Shared Lane Markings,secondary,none,0.103,3,,"mixed traffic, 30 mph, urban multilane"
49639160,PRESIDENT ST,Separated Bike Lane,residential,none,0.052,1,1,"mixed traffic, 20 mph or below, single lane"
186672436,PRESIDENT ST,Buffered Bike Lane,primary,none,0.014,3,3,"mixed traffic, 30 mph, urban multilane"
543571690,PRESIDENT ST,Separated Bike Lane,primary,none,0.043,4,1,"mixed traffic, 35 mph or above"
98289650,ROLAND AVE,Bike Lane,residential,none,0.015,2,2,"mixed traffic, 25 mph, single lane"
131877236,ROLAND AVE,Bike Lane,residential,none,0.015,2,2,"mixed traffic, 25 mph, single lane"
6013349,S BROADWAY,Shared Lane Markings,secondary,none,0.030,3,,"mixed traffic, 30 mph, urban multilane"
6023144,S BROADWAY,Shared Lane Markings,secondary,none,0.070,3,,"mixed traffic, 30 mph, urban multilane"
49639155,S BROADWAY,Shared Lane Markings,unclassified,none,0.051,2,,"mixed traffic, 25 mph, single lane"
49639167,S BROADWAY,Shared Lane Markings,secondary,none,0.071,3,,"mixed traffic, 25 mph, single lane, arterial floor"
75923305,S BROADWAY,Shared Lane Markings,secondary,none,0.079,3,,"mixed traffic, 30 mph, urban multilane"
75923306,S BROADWAY,Shared Lane Markings,secondary,none,0.050,3,,"mixed traffic, 30 mph, urban multilane"
75923307,S BROADWAY,Shared Lane Markings,secondary,none,0.030,3,,"mixed traffic, 30 mph, urban multilane"
75923309,S BROADWAY,Shared Lane Markings,secondary,none,0.112,3,,"mixed traffic, 30 mph, urban multilane"
86092298,S BROADWAY,Shared Lane Markings,unclassified,none,0.053,2,,"mixed traffic, 25 mph, single lane"
188783431,S BROADWAY,Shared Lane Markings,secondary,none,0.071,3,,"mixed traffic, 25 mph, single lane, arterial floor"
188783432,S BROADWAY,Shared Lane Markings,unclassified,none,0.068,2,,"mixed traffic, 25 mph, single lane"
192573106,S BROADWAY,Shared Lane Markings,secondary,none,0.050,3,,"mixed traffic, 30 mph, urban multilane"
192573107,S BROADWAY,Shared Lane Markings,secondary,none,0.183,3,,"mixed traffic, 30 mph, urban multilane"
192573109,S BROADWAY,Shared Lane Markings,secondary,none,0.017,3,,"mixed traffic, 30 mph, urban multilane"
424990632,S BROADWAY,Shared Lane Markings,secondary,none,0.053,3,,"mixed traffic, 30 mph, urban multilane"
498395724,S BROADWAY,Shared Lane Markings,secondary,none,0.078,3,,"mixed traffic, 30 mph, urban multilane"
512491289,S BROADWAY,Shared Lane Markings,secondary,none,0.071,3,,"mixed traffic, 30 mph, urban multilane"
512491293,S BROADWAY,Shared Lane Markings,secondary,none,0.071,3,,"mixed traffic, 30 mph, urban multilane"
548256332,S BROADWAY,Shared Lane Markings,secondary,none,0.071,3,,"mixed traffic, 30 mph, urban multilane"
391234797,S CAREY ST,Separated Bike Lane,secondary,none,0.017,3,1,"mixed traffic, 25 mph, single lane, arterial floor"
546699153,S CAREY ST,Separated Bike Lane,secondary,none,0.040,3,1,"mixed traffic, 25 mph, single lane, arterial floor"
113065023,S CENTRAL AVE,Separated Bike Lane,secondary,lane,0.035,3,3,"bike lane, narrow or multilane at 30 mph"
115215135,S CENTRAL AVE,Separated Bike Lane,tertiary,lane,0.056,3,3,"bike lane, narrow or multilane at 30 mph"
465787390,S CENTRAL AVE,Separated Bike Lane,tertiary,lane,0.008,3,3,"bike lane, narrow or multilane at 30 mph"
765165381,S CENTRAL AVE,Separated Bike Lane,secondary,lane,0.016,3,3,"bike lane, narrow or multilane at 30 mph"
1122032024,S CENTRAL AVE,Separated Bike Lane,secondary,lane,0.010,3,3,"bike lane, narrow or multilane at 30 mph"
1377356716,S CENTRAL AVE,Separated Bike Lane,secondary,shared_lane,0.010,3,3,"mixed traffic, 30 mph, urban multilane"
1377356717,S CENTRAL AVE,Separated Bike Lane,secondary,shared_lane,0.012,3,3,"mixed traffic, 30 mph, urban multilane"
1390954819,S CENTRAL AVE,Separated Bike Lane,secondary,lane,0.009,3,3,"bike lane, narrow or multilane at 30 mph"
1391151727,S CENTRAL AVE,Separated Bike Lane,secondary,shared_lane,0.007,3,3,"mixed traffic, 30 mph, urban multilane"
6014029,S HANOVER ST,Bike Lane,secondary,none,0.032,4,3,"mixed traffic, 35 mph or above"
198924893,S HANOVER ST,Bike Lane,primary,none,0.041,4,4,"mixed traffic, 35 mph or above"
425189389,S HANOVER ST,Bike Lane,secondary,none,0.022,4,3,"mixed traffic, 35 mph or above"
1087522153,S HANOVER ST,Bike Lane,primary,none,0.018,4,4,"mixed traffic, 35 mph or above"
113296956,S PRESIDENT ST,Separated Bike Lane,primary,none,0.103,4,1,"mixed traffic, 35 mph or above"
424997835,S PRESIDENT ST,Separated Bike Lane,primary,none,0.030,4,1,"mixed traffic, 35 mph or above"
1289127443,S STRICKER ST,Shared Lane Markings,residential,none,0.127,2,,"mixed traffic, 25 mph, single lane"
1555360231,S STRICKER ST,Shared Lane Markings,residential,none,0.029,2,,"mixed traffic, 25 mph, single lane"
1555360232,S STRICKER ST,Shared Lane Markings,residential,none,0.008,2,,"mixed traffic, 25 mph, single lane"
1555360233,S STRICKER ST,Shared Lane Markings,residential,none,0.007,2,,"mixed traffic, 25 mph, single lane"
1555360234,S STRICKER ST,Shared Lane Markings,residential,none,0.008,2,,"mixed traffic, 25 mph, single lane"
1555360235,S STRICKER ST,Shared Lane Markings,residential,none,0.009,2,,"mixed traffic, 25 mph, single lane"
130599664,SAINT PAUL PL,Shared Bus-Bike Lane,primary,none,0.154,3,,"mixed traffic, 30 mph, urban multilane"
130599687,SAINT PAUL PL,Shared Bus-Bike Lane,primary_link,none,0.016,3,,"mixed traffic, 30 mph, single lane"
279670985,SAINT PAUL PL,Shared Bus-Bike Lane,primary,none,0.040,3,,"mixed traffic, 30 mph, urban multilane"
977370311,SAINT PAUL PL,Shared Bus-Bike Lane,primary,none,0.140,3,,"mixed traffic, 30 mph, single lane"
1120563265,SAINT PAUL PL,Shared Bus-Bike Lane,primary,none,0.023,3,,"mixed traffic, 30 mph, urban multilane"
11961372,SAINT PAUL ST,Bike Lane,primary,shared_lane,0.020,3,3,"mixed traffic, 30 mph, urban multilane"
47991248,SAINT PAUL ST,Bike Lane,primary,none,0.006,3,3,"mixed traffic, 30 mph, urban multilane"
69531013,SAINT PAUL ST,Bike Lane,primary,shared_lane,0.040,3,3,"mixed traffic, 30 mph, urban multilane"
69531020,SAINT PAUL ST,Bike Lane,primary,shared_lane,0.045,3,3,"mixed traffic, 30 mph, urban multilane"
130591297,SAINT PAUL ST,Bike Lane,primary,shared_lane,0.064,3,3,"mixed traffic, 30 mph, urban multilane"
130591299,SAINT PAUL ST,Bike Lane,primary,shared_lane,0.022,3,3,"mixed traffic, 30 mph, urban multilane"
132381998,SAINT PAUL ST,Bike Lane,primary,none,0.007,3,3,"mixed traffic, 30 mph, urban multilane"
438432850,SAINT PAUL ST,Bike Lane,primary,none,0.006,3,3,"mixed traffic, 30 mph, urban multilane"
455277309,SAINT PAUL ST,Bike Lane,residential,none,0.076,2,2,"mixed traffic, 25 mph, single lane"
455277310,SAINT PAUL ST,Bike Lane,residential,none,0.078,2,2,"mixed traffic, 25 mph, single lane"
522343538,SAINT PAUL ST,Bike Lane,residential,none,0.216,2,2,"mixed traffic, 25 mph, single lane"
963987222,SAINT PAUL ST,Bike Lane,primary,shared_lane,0.008,3,3,"mixed traffic, 30 mph, urban multilane"
423405856,SEQUOIA AVE,Shared Lane Markings,residential,none,0.112,2,,"mixed traffic, 25 mph, single lane"
623582878,SEQUOIA AVE,Shared Lane Markings,residential,none,0.113,2,,"mixed traffic, 25 mph, single lane"
83704672,SISSON ST,Separated Bike Lane,tertiary,shared_lane,0.022,2,2,"mixed traffic, 25 mph, single lane"
6007365,ST LO DR,Separated Bike Lane,unclassified,none,0.051,3,3,"mixed traffic, 25 mph, urban multilane, two-way floor"
380458640,ST LO DR,Separated Bike Lane,unclassified,none,0.349,3,3,"mixed traffic, 25 mph, urban multilane, two-way floor"
380458641,ST LO DR,Separated Bike Lane,unclassified,none,0.080,3,3,"mixed traffic, 25 mph, urban multilane, two-way floor"
546710544,ST LO DR,Separated Bike Lane,unclassified,none,0.051,3,3,"mixed traffic, 25 mph, urban multilane, two-way floor"
949071704,ST LO DR,Separated Bike Lane,unclassified,none,0.041,3,3,"mixed traffic, 25 mph, urban multilane, two-way floor"
1463271090,ST LO DR,Separated Bike Lane,unclassified,none,0.060,3,3,"mixed traffic, 25 mph, urban multilane, two-way floor"
543154607,UPLANDS PKWY,Buffered Bike Lane,tertiary,none,0.010,2,2,"mixed traffic, 25 mph, single lane"
450298565,VAN LILL ST,Shared Lane Markings,residential,none,0.003,2,,"mixed traffic, 25 mph, single lane"
6017357,W 29TH ST,Bike Lane,primary,none,0.015,3,3,"mixed traffic, 30 mph, urban multilane"
187473030,W 29TH ST,Bike Lane,primary,none,0.026,3,3,"mixed traffic, 30 mph, urban multilane"
187473031,W 29TH ST,Bike Lane,primary,none,0.036,3,2,"mixed traffic, 25 mph, urban multilane, arterial floor"
424994496,W 29TH ST,Bike Lane,primary,none,0.033,3,3,"mixed traffic, 30 mph, urban multilane"
1065447984,W BALTIMORE ST,Shared Bus-Bike Lane,secondary_link,none,0.081,3,,"mixed traffic, 30 mph, single lane"
6011580,W BELVEDERE AVE,Bike Lane,secondary,shared_lane,0.028,3,3,"mixed traffic, 25 mph, urban multilane, two-way floor"
66210791,W BELVEDERE AVE,Shared Lane Markings,tertiary,none,0.070,2,,"mixed traffic, 25 mph, single lane"
198873398,W BELVEDERE AVE,Shared Lane Markings,secondary,none,0.011,3,,"mixed traffic, 25 mph, single lane, arterial floor"
198873399,W BELVEDERE AVE,Shared Lane Markings,secondary,none,0.109,3,,"mixed traffic, 25 mph, single lane, arterial floor"
425002799,W BELVEDERE AVE,Shared Lane Markings,secondary,none,0.024,3,,"mixed traffic, 25 mph, urban multilane, two-way floor"
425002800,W BELVEDERE AVE,Shared Lane Markings,secondary,none,0.019,3,,"mixed traffic, 25 mph, urban multilane, two-way floor"
451775790,W BELVEDERE AVE,Shared Lane Markings,tertiary,none,0.070,2,,"mixed traffic, 25 mph, single lane"
544569165,W BELVEDERE AVE,Bike Lane,secondary,shared_lane,0.032,3,3,"mixed traffic, 25 mph, single lane, arterial floor"
607194666,W BELVEDERE AVE,Shared Lane Markings,secondary,none,0.042,3,,"mixed traffic, 25 mph, urban multilane, two-way floor"
607194667,W BELVEDERE AVE,Bike Lane,secondary,shared_lane,0.014,3,2,"mixed traffic, 25 mph, urban multilane, two-way floor"
607194668,W BELVEDERE AVE,Bike Lane,secondary,shared_lane,0.013,3,2,"mixed traffic, 25 mph, urban multilane, two-way floor"
6010257,W CENTRE ST,Separated Bike Lane,secondary,none,0.069,3,1,"mixed traffic, 25 mph, single lane, arterial floor"
98117561,W CENTRE ST,Separated Bike Lane,secondary,none,0.037,3,1,"mixed traffic, 25 mph, single lane, arterial floor"
98117562,W CENTRE ST,Separated Bike Lane,secondary,none,0.057,3,1,"mixed traffic, 25 mph, single lane, arterial floor"
447777483,W CENTRE ST,Separated Bike Lane,secondary,none,0.040,3,1,"mixed traffic, 25 mph, single lane, arterial floor"
543531701,W CENTRE ST,Separated Bike Lane,secondary,none,0.020,3,1,"mixed traffic, 25 mph, urban multilane, arterial floor"
548173635,W CENTRE ST,Separated Bike Lane,secondary,none,0.018,3,1,"mixed traffic, 25 mph, single lane, arterial floor"
1055338218,W CENTRE ST,Separated Bike Lane,secondary,none,0.019,3,1,"mixed traffic, 25 mph, urban multilane, arterial floor"
1061704126,W CENTRE ST,Separated Bike Lane,secondary,none,0.034,3,1,"mixed traffic, 25 mph, single lane, arterial floor"
1063788203,W CENTRE ST,Separated Bike Lane,secondary,none,0.006,3,1,"mixed traffic, 25 mph, single lane, arterial floor"
1063788205,W CENTRE ST,Separated Bike Lane,secondary,none,0.016,3,1,"mixed traffic, 25 mph, urban multilane, arterial floor"
6005658,W CHASE ST,Separated Bike Lane,secondary,none,0.013,3,1,"mixed traffic, 25 mph, urban multilane, arterial floor"
32829714,W CHASE ST,Separated Bike Lane,tertiary,none,0.036,2,1,"mixed traffic, 25 mph, urban multilane"
98144290,W CHASE ST,Separated Bike Lane,secondary,none,0.076,3,1,"mixed traffic, 25 mph, urban multilane, arterial floor"
189310755,W CHASE ST,Separated Bike Lane,tertiary,none,0.019,2,1,"mixed traffic, 25 mph, urban multilane"
548197600,W CHASE ST,Separated Bike Lane,secondary,none,0.022,3,1,"mixed traffic, 25 mph, urban multilane, arterial floor"
548235581,W CHASE ST,Separated Bike Lane,tertiary,lane,0.017,2,2,"mixed traffic, 25 mph, single lane"
10426301,W COLD SPRING LANE,Shared Lane Markings,primary,none,0.232,3,,"mixed traffic, 25 mph, single lane, arterial floor"
130715033,W COLD SPRING LANE,Shared Lane Markings,primary,none,0.008,3,,"mixed traffic, 25 mph, urban multilane, two-way floor"
237887538,W COLD SPRING LANE,Shared Lane Markings,secondary,none,0.081,3,,"mixed traffic, 25 mph, single lane, arterial floor"
425001832,W COLD SPRING LANE,Shared Lane Markings,primary,none,0.006,3,,"mixed traffic, 25 mph, urban multilane, two-way floor"
425003411,W COLD SPRING LANE,Shared Lane Markings,primary,none,0.037,3,,"mixed traffic, 25 mph, urban multilane, two-way floor"
425003412,W COLD SPRING LANE,Shared Lane Markings,primary,none,0.027,3,,"mixed traffic, 25 mph, urban multilane, two-way floor"
425003413,W COLD SPRING LANE,Shared Lane Markings,primary,none,0.009,3,,"mixed traffic, 25 mph, single lane, arterial floor"
425003414,W COLD SPRING LANE,Shared Lane Markings,primary,none,0.027,3,,"mixed traffic, 25 mph, single lane, arterial floor"
425003415,W COLD SPRING LANE,Shared Lane Markings,primary,none,0.030,3,,"mixed traffic, 25 mph, urban multilane, two-way floor"
425003416,W COLD SPRING LANE,Shared Lane Markings,primary,none,0.029,3,,"mixed traffic, 25 mph, urban multilane, two-way floor"
425003417,W COLD SPRING LANE,Shared Lane Markings,primary,none,0.017,3,,"mixed traffic, 25 mph, single lane, arterial floor"
425003418,W COLD SPRING LANE,Shared Lane Markings,primary,none,0.043,3,,"mixed traffic, 25 mph, urban multilane, two-way floor"
544592909,W COLD SPRING LANE,Shared Lane Markings,primary,none,0.030,3,,"mixed traffic, 25 mph, urban multilane, two-way floor"
544896737,W COLD SPRING LANE,Shared Lane Markings,primary,none,0.343,3,,"mixed traffic, 25 mph, single lane, arterial floor"
816156070,W COLD SPRING LANE,Shared Lane Markings,primary,none,0.023,3,,"mixed traffic, 25 mph, single lane, arterial floor"
840946932,W COLD SPRING LANE,Shared Lane Markings,primary,none,0.005,4,,"mixed traffic, 35 mph or above"
840946933,W COLD SPRING LANE,Shared Lane Markings,primary,none,0.005,4,,"mixed traffic, 35 mph or above"
840946952,W COLD SPRING LANE,Shared Lane Markings,primary,none,0.021,3,,"mixed traffic, 25 mph, urban multilane, arterial floor"
901219828,W COLD SPRING LANE,Shared Lane Markings,primary,none,0.009,3,,"mixed traffic, 25 mph, urban multilane, arterial floor"
947541483,W COLD SPRING LANE,Shared Lane Markings,primary,none,0.050,3,,"mixed traffic, 25 mph, single lane, arterial floor"
968721060,W COLD SPRING LANE,Shared Lane Markings,primary,none,0.006,3,,"mixed traffic, 25 mph, urban multilane, two-way floor"
1428957764,W COLD SPRING LANE,Shared Lane Markings,primary,none,0.008,3,,"mixed traffic, 25 mph, urban multilane, two-way floor"
6005502,W FAYETTE ST,Shared Bus-Bike Lane,secondary,none,0.041,3,,"mixed traffic, 30 mph, urban multilane"
111276856,W FAYETTE ST,Shared Bus-Bike Lane,secondary_link,none,0.057,3,,"mixed traffic, 25 mph, single lane, arterial floor"
116541151,W FAYETTE ST,Shared Bus-Bike Lane,secondary,none,0.050,3,,"mixed traffic, 30 mph, urban multilane"
424998875,W FAYETTE ST,Shared Bus-Bike Lane,secondary,none,0.027,3,,"mixed traffic, 30 mph, urban multilane"
425182774,W FAYETTE ST,Shared Bus-Bike Lane,secondary,none,0.015,3,,"mixed traffic, 30 mph, urban multilane"
6012660,W HENRIETTA ST,Shared Lane Markings,residential,none,0.135,2,,"mixed traffic, 25 mph, single lane"
952662000,W HENRIETTA ST,Shared Lane Markings,residential,none,0.064,2,,"mixed traffic, 25 mph, single lane"
6007152,W LEE ST,Shared Lane Markings,residential,none,0.062,2,,"mixed traffic, 25 mph, single lane"
98117553,W LEE ST,Shared Lane Markings,residential,none,0.087,2,,"mixed traffic, 25 mph, single lane"
6014503,W LEXINGTON ST,Shared Lane Markings,residential,none,0.107,2,,"mixed traffic, 25 mph, single lane"
73920725,W LEXINGTON ST,Shared Lane Markings,tertiary,none,0.302,2,,"mixed traffic, 25 mph, single lane"
111075869,W LEXINGTON ST,Shared Lane Markings,tertiary,none,0.363,2,,"mixed traffic, 25 mph, single lane"
1163650052,W MCCOMAS ST,Separated Bike Lane,unclassified,none,0.045,3,1,"mixed traffic, 30 mph, single lane"
1163650059,W MCCOMAS ST,Separated Bike Lane,unclassified,none,0.084,3,1,"mixed traffic, 30 mph, single lane"
6004710,W MOUNT ROYAL AVE,Separated Bike Lane,secondary,none,0.180,3,1,"mixed traffic, 30 mph, urban multilane"
48001165,W MOUNT ROYAL AVE,Separated Bike Lane,secondary,none,0.022,3,1,"mixed traffic, 30 mph, urban multilane"
48001167,W MOUNT ROYAL AVE,Separated Bike Lane,secondary,none,0.044,3,1,"mixed traffic, 30 mph, urban multilane"
399096885,W MOUNT ROYAL AVE,Separated Bike Lane,secondary,none,0.034,3,1,"mixed traffic, 30 mph, urban multilane"
424992981,W MOUNT ROYAL AVE,Separated Bike Lane,secondary,none,0.020,3,1,"mixed traffic, 30 mph, urban multilane"
424992985,W MOUNT ROYAL AVE,Separated Bike Lane,secondary,none,0.027,3,1,"mixed traffic, 30 mph, urban multilane"
424992990,W MOUNT ROYAL AVE,Separated Bike Lane,secondary,none,0.050,3,1,"mixed traffic, 30 mph, urban multilane"
424992993,W MOUNT ROYAL AVE,Separated Bike Lane,secondary,none,0.025,3,1,"mixed traffic, 30 mph, urban multilane"
546211062,W MOUNT ROYAL AVE,Separated Bike Lane,secondary,none,0.032,3,1,"mixed traffic, 30 mph, urban multilane"
548206011,W MOUNT ROYAL AVE,Separated Bike Lane,secondary,none,0.019,3,1,"mixed traffic, 30 mph, urban multilane"
548206012,W MOUNT ROYAL AVE,Separated Bike Lane,secondary,none,0.039,3,1,"mixed traffic, 30 mph, urban multilane"
707170771,W MOUNT ROYAL AVE,Separated Bike Lane,secondary,none,0.123,3,1,"mixed traffic, 30 mph, urban multilane"
864993720,W MOUNT ROYAL AVE,Separated Bike Lane,secondary,none,0.063,3,1,"mixed traffic, 30 mph, urban multilane"
881990347,W MOUNT ROYAL AVE,Separated Bike Lane,secondary_link,none,0.028,3,1,"mixed traffic, 30 mph, single lane"
970194495,W MOUNT ROYAL AVE,Separated Bike Lane,secondary,none,0.027,3,1,"mixed traffic, 30 mph, urban multilane"
970194496,W MOUNT ROYAL AVE,Separated Bike Lane,secondary,none,0.040,3,1,"mixed traffic, 30 mph, urban multilane"
1060148131,W MOUNT ROYAL AVE,Separated Bike Lane,secondary,none,0.038,3,1,"mixed traffic, 30 mph, urban multilane"
1067769866,W MOUNT ROYAL AVE,Separated Bike Lane,secondary,none,0.008,3,1,"mixed traffic, 30 mph, urban multilane"
1104866629,W MOUNT ROYAL AVE,Separated Bike Lane,secondary,none,0.023,3,1,"mixed traffic, 30 mph, urban multilane"
1364059869,W MOUNT ROYAL AVE,Separated Bike Lane,secondary,none,0.064,3,1,"mixed traffic, 30 mph, urban multilane"
1379285486,W MOUNT ROYAL AVE,Separated Bike Lane,secondary,none,0.013,3,1,"mixed traffic, 30 mph, urban multilane"
6011495,W NORTH AVE,Shared Bus-Bike Lane,primary,none,0.010,3,,"mixed traffic, 30 mph, urban multilane"
6014101,W NORTH AVE,Shared Bus-Bike Lane,primary_link,none,0.050,3,,"mixed traffic, 30 mph, single lane"
11946018,W NORTH AVE,Separated Bike Lane,primary,none,0.097,3,1,"mixed traffic, 30 mph, urban multilane"
69531096,W NORTH AVE,Separated Bike Lane,primary,none,0.170,3,1,"mixed traffic, 30 mph, urban multilane"
69531102,W NORTH AVE,Separated Bike Lane,primary,share_busway,0.019,3,1,"mixed traffic, 30 mph, urban multilane"
98144328,W NORTH AVE,Shared Bus-Bike Lane,primary,none,0.064,3,,"mixed traffic, 30 mph, urban multilane"
113296957,W NORTH AVE,Separated Bike Lane,primary,none,0.035,3,1,"mixed traffic, 30 mph, urban multilane"
138869951,W NORTH AVE,Shared Bus-Bike Lane,primary,none,0.006,3,,"mixed traffic, 30 mph, urban multilane"
396399489,W NORTH AVE,Separated Bike Lane,primary,none,0.011,3,1,"mixed traffic, 30 mph, urban multilane"
407584034,W NORTH AVE,Separated Bike Lane,primary,none,0.009,3,1,"mixed traffic, 30 mph, urban multilane"
423383485,W NORTH AVE,Shared Bus-Bike Lane,primary,none,0.017,3,,"mixed traffic, 30 mph, urban multilane"
423383486,W NORTH AVE,Shared Bus-Bike Lane,primary,none,0.017,3,,"mixed traffic, 30 mph, single lane"
424992997,W NORTH AVE,Separated Bike Lane,primary,none,0.073,3,1,"mixed traffic, 30 mph, urban multilane"
431328173,W NORTH AVE,Separated Bike Lane,primary,share_busway,0.031,3,1,"mixed traffic, 30 mph, urban multilane"
431328174,W NORTH AVE,Separated Bike Lane,primary,none,0.037,3,1,"mixed traffic, 30 mph, urban multilane"
501246684,W NORTH AVE,Separated Bike Lane,primary,none,0.015,3,1,"mixed traffic, 30 mph, urban multilane"
542295864,W NORTH AVE,Separated Bike Lane,primary,share_busway,0.016,3,1,"mixed traffic, 30 mph, urban multilane"
542295868,W NORTH AVE,Shared Bus-Bike Lane,primary,none,0.039,3,,"mixed traffic, 30 mph, urban multilane"
543412938,W NORTH AVE,Shared Bus-Bike Lane,primary,none,0.009,3,,"mixed traffic, 30 mph, urban multilane"
546463711,W NORTH AVE,Shared Bus-Bike Lane,primary,none,0.024,3,,"mixed traffic, 30 mph, single lane"
548653096,W NORTH AVE,Shared Bus-Bike Lane,primary,none,0.049,3,,"mixed traffic, 30 mph, urban multilane"
943914171,W NORTH AVE,Shared Bus-Bike Lane,primary,none,0.025,3,,"mixed traffic, 30 mph, urban multilane"
949153277,W NORTH AVE,Separated Bike Lane,primary,none,0.025,3,1,"mixed traffic, 30 mph, urban multilane"
950977974,W NORTH AVE,Shared Bus-Bike Lane,primary,none,0.011,3,,"mixed traffic, 30 mph, urban multilane"
953620975,W NORTH AVE,Separated Bike Lane,primary,broken,0.055,3,1,"mixed traffic, 30 mph, urban multilane"
954274476,W NORTH AVE,Shared Bus-Bike Lane,primary,none,0.012,3,,"mixed traffic, 30 mph, urban multilane"
954274477,W NORTH AVE,Shared Bus-Bike Lane,primary,none,0.029,3,,"mixed traffic, 30 mph, urban multilane"
962893849,W NORTH AVE,Shared Bus-Bike Lane,primary,none,0.025,3,,"mixed traffic, 30 mph, urban multilane"
965622584,W NORTH AVE,Separated Bike Lane,primary,share_busway,0.044,3,1,"mixed traffic, 30 mph, urban multilane"
1111804933,W NORTH AVE,Shared Bus-Bike Lane,primary,none,0.010,3,,"mixed traffic, 30 mph, urban multilane"
1111804934,W NORTH AVE,Shared Bus-Bike Lane,primary,none,0.011,3,,"mixed traffic, 30 mph, urban multilane"
26953224,W OSTEND ST,Bike Lane,residential,none,0.006,2,2,"mixed traffic, 25 mph, single lane"
132521548,W OSTEND ST,Shared Lane Markings,residential,none,0.039,2,,"mixed traffic, 25 mph, single lane"
132521551,W OSTEND ST,Bike Lane,residential,none,0.048,2,2,"mixed traffic, 25 mph, single lane"
606165664,W OSTEND ST,Bike Lane,residential,none,0.067,2,2,"mixed traffic, 25 mph, single lane"
606165665,W OSTEND ST,Bike Lane,residential,none,0.031,2,2,"mixed traffic, 25 mph, single lane"
820101089,W OSTEND ST,Bike Lane,residential,none,0.003,2,2,"mixed traffic, 25 mph, single lane"
820101090,W OSTEND ST,Bike Lane,residential,none,0.005,2,2,"mixed traffic, 25 mph, single lane"
861256358,W OSTEND ST,Shared Lane Markings,residential,none,0.114,2,,"mixed traffic, 25 mph, single lane"
952026781,W OSTEND ST,Shared Lane Markings,residential,none,0.274,2,,"mixed traffic, 25 mph, single lane"
952026782,W OSTEND ST,Shared Lane Markings,residential,none,0.036,2,,"mixed traffic, 25 mph, single lane"
1458338540,W OSTEND ST,Shared Lane Markings,residential,none,0.040,2,,"mixed traffic, 25 mph, single lane"
1458338544,W OSTEND ST,Shared Lane Markings,residential,none,0.080,2,,"mixed traffic, 25 mph, single lane"
979796695,W PRATT ST,Shared Bus-Bike Lane,primary,none,0.010,3,,"mixed traffic, 30 mph, urban multilane"
547740083,W READ ST,Separated Bike Lane,secondary,none,0.007,3,1,"mixed traffic, 25 mph, urban multilane, wide one-way floor"
206189487,W ROGERS AVE,Shared Lane Markings,tertiary,none,0.167,2,,"mixed traffic, 25 mph, single lane"
336415568,W ROGERS AVE,Shared Lane Markings,tertiary,none,0.199,2,,"mixed traffic, 25 mph, single lane"
948148272,W ROGERS AVE,Shared Lane Markings,tertiary,none,0.003,2,,"mixed traffic, 25 mph, single lane"
948148273,W ROGERS AVE,Shared Lane Markings,tertiary,none,0.092,2,,"mixed traffic, 25 mph, single lane"
966577860,W ROGERS AVE,Shared Lane Markings,tertiary,none,0.052,2,,"mixed traffic, 25 mph, single lane"
1082979191,W ROGERS AVE,Shared Lane Markings,unclassified,none,0.128,2,,"mixed traffic, 25 mph, single lane"
1360849797,W ROGERS AVE,Shared Lane Markings,tertiary,none,0.136,2,,"mixed traffic, 25 mph, single lane"
1472857367,W ROGERS AVE,Shared Lane Markings,tertiary,none,0.015,2,,"mixed traffic, 25 mph, single lane"
107295920,W UNIVERSITY PKWY,Separated Bike Lane,primary,lane,0.026,3,1,"bike lane, narrow or multilane at 30 mph"
107295924,W UNIVERSITY PKWY,Separated Bike Lane,primary,lane,0.010,3,1,"bike lane, narrow or multilane at 30 mph"
107295928,W UNIVERSITY PKWY,Separated Bike Lane,primary,lane,0.029,3,1,"bike lane, narrow or multilane at 30 mph"
107295932,W UNIVERSITY PKWY,Separated Bike Lane,primary,lane,0.012,3,1,"bike lane, narrow or multilane at 30 mph"
132609924,W UNIVERSITY PKWY,Separated Bike Lane,primary,lane,0.035,3,1,"bike lane, narrow or multilane at 30 mph"
150880718,W UNIVERSITY PKWY,Separated Bike Lane,primary,lane,0.029,3,1,"bike lane, narrow or multilane at 30 mph"
197950029,W UNIVERSITY PKWY,Separated Bike Lane,primary,"lane,yes",0.035,3,1,"bike lane, narrow or multilane at 30 mph"
512506315,W UNIVERSITY PKWY,Separated Bike Lane,primary,lane,0.010,3,1,"bike lane, narrow or multilane at 30 mph"
543934907,W UNIVERSITY PKWY,Separated Bike Lane,primary,lane,0.021,3,1,"bike lane, narrow or multilane at 30 mph"
543940096,W UNIVERSITY PKWY,Separated Bike Lane,primary,lane,0.022,3,1,"bike lane, narrow or multilane at 30 mph"
543940097,W UNIVERSITY PKWY,Separated Bike Lane,primary,lane,0.028,3,1,"bike lane, narrow or multilane at 30 mph"
947501703,W UNIVERSITY PKWY,Separated Bike Lane,primary,lane,0.026,3,1,"bike lane, narrow or multilane at 30 mph"
1055045319,W UNIVERSITY PKWY,Separated Bike Lane,primary,lane,0.024,3,1,"bike lane, narrow or multilane at 30 mph"
1083034963,W UNIVERSITY PKWY,Separated Bike Lane,primary,"lane,yes",0.005,3,1,"bike lane, narrow or multilane at 30 mph"
1083034964,W UNIVERSITY PKWY,Separated Bike Lane,primary,"lane,yes",0.030,3,1,"bike lane, narrow or multilane at 30 mph"
5991827,WABASH AVE,Shared Lane Markings,residential,none,0.363,2,,"mixed traffic, 25 mph, single lane"
237887546,WABASH AVE,Bike Lane,primary,none,0.090,3,2,"mixed traffic, 25 mph, urban multilane, two-way floor"
425003410,WABASH AVE,Bike Lane,primary,none,0.043,3,2,"mixed traffic, 25 mph, urban multilane, two-way floor"
425184573,WABASH AVE,Bike Lane,primary,none,0.019,3,2,"mixed traffic, 25 mph, urban multilane, two-way floor"
451775334,WABASH AVE,Bike Lane,primary,none,0.079,3,2,"mixed traffic, 25 mph, urban multilane, two-way floor"
451775608,WABASH AVE,Bike Lane,primary,none,0.039,3,2,"mixed traffic, 25 mph, urban multilane, two-way floor"
544639229,WABASH AVE,Bike Lane,primary,none,0.027,3,2,"mixed traffic, 25 mph, urban multilane, two-way floor"
607198359,WABASH AVE,Bike Lane,primary,none,0.020,3,2,"mixed traffic, 25 mph, urban multilane, arterial floor"
963554166,WABASH AVE,Bike Lane,primary,none,0.029,3,2,"mixed traffic, 25 mph, urban multilane, two-way floor"
5997814,WALTHER AVE,Bike Lane,residential,none,0.087,2,2,"mixed traffic, 25 mph, single lane"
424990152,WALTHER AVE,Bike Lane,secondary,shared_lane,0.026,3,3,"mixed traffic, 30 mph, urban multilane"
424993023,WALTHER AVE,Bike Lane,secondary,none,0.020,3,3,"mixed traffic, 30 mph, urban multilane"
424993025,WALTHER AVE,Bike Lane,secondary,shared_lane,0.047,3,3,"mixed traffic, 30 mph, urban multilane"
424993026,WALTHER AVE,Bike Lane,secondary,shared_lane,0.032,3,3,"mixed traffic, 30 mph, urban multilane"
424993029,WALTHER AVE,Bike Lane,secondary,shared_lane,0.036,3,3,"mixed traffic, 30 mph, urban multilane"
424993031,WALTHER AVE,Bike Lane,secondary,shared_lane,0.017,3,3,"mixed traffic, 30 mph, urban multilane"
548174722,WALTHER AVE,Bike Lane,secondary,shared_lane,0.026,3,3,"mixed traffic, 30 mph, urban multilane"
548174732,WALTHER AVE,Bike Lane,secondary,shared_lane,0.029,3,3,"mixed traffic, 30 mph, urban multilane"
1086474128,WALTHER AVE,Bike Lane,secondary,shared_lane,0.027,3,3,"mixed traffic, 30 mph, urban multilane"
1086474129,WALTHER AVE,Bike Lane,secondary,shared_lane,0.034,3,3,"mixed traffic, 30 mph, urban multilane"
1086474130,WALTHER AVE,Bike Lane,secondary,shared_lane,0.025,3,3,"mixed traffic, 30 mph, urban multilane"
1086474131,WALTHER AVE,Bike Lane,secondary,shared_lane,0.017,3,3,"mixed traffic, 30 mph, urban multilane"
1026621911,WARNER ST,Bike Lane,unclassified,separate,0.014,2,2,"mixed traffic, 25 mph, single lane"
6005114,WARREN AVE,Shared Lane Markings,residential,none,0.078,2,,"mixed traffic, 25 mph, single lane"
70497530,WASHINGTON BLVD,Shared Lane Markings,secondary,none,0.115,3,,"mixed traffic, 30 mph, single lane"
98289504,WASHINGTON BLVD,Bike Lane,residential,none,0.029,2,2,"mixed traffic, 25 mph, urban multilane"
127068499,WASHINGTON BLVD,Bike Lane,residential,none,0.048,2,2,"mixed traffic, 25 mph, single lane"
207525387,WASHINGTON BLVD,Shared Lane Markings,secondary,none,0.063,3,,"mixed traffic, 25 mph, urban multilane, two-way floor"
332701004,WASHINGTON BLVD,Bike Lane,residential,none,0.146,2,2,"mixed traffic, 25 mph, single lane"
451772882,WASHINGTON BLVD,Shared Lane Markings,secondary,none,0.105,3,,"mixed traffic, 25 mph, single lane, arterial floor"
451778395,WASHINGTON BLVD,Shared Lane Markings,secondary,none,0.103,3,,"mixed traffic, 30 mph, single lane"
521971909,WASHINGTON BLVD,Shared Lane Markings,secondary,none,0.104,3,,"mixed traffic, 25 mph, single lane, arterial floor"
545109656,WASHINGTON BLVD,Bike Lane,residential,none,0.033,3,2,"mixed traffic, 25 mph, urban multilane, wide one-way floor"
545109659,WASHINGTON BLVD,Shared Lane Markings,secondary,none,0.265,3,,"mixed traffic, 25 mph, single lane, arterial floor"
6006126,WILLIAM ST,Shared Lane Markings,residential,none,0.037,2,,"mixed traffic, 25 mph, single lane"
452789373,WILLIAM ST,Shared Lane Markings,residential,none,0.008,2,,"mixed traffic, 25 mph, single lane"
834330210,WILLIAM ST,Shared Lane Markings,residential,none,0.038,2,,"mixed traffic, 25 mph, single lane"
938697486,WILLIAM ST,Shared Lane Markings,residential,none,0.038,2,,"mixed traffic, 25 mph, single lane"
83704673,WYMAN PARK DR,Bike Lane,unclassified,none,0.038,2,2,"mixed traffic, 25 mph, single lane"
914896169,WYMAN PARK DR,Bike Lane,unclassified,none,0.037,2,2,"mixed traffic, 25 mph, urban multilane"
